cycle,delta_line_mAcm2,m_fit,b_ox_fit,b_red_fit,is_outlier_zscore,delta_line_mAcm2_no_outliers_zscore,delta_line_mAcm2,m_fit,b_ox_fit,b_red_fit,is_outlier_zscore,delta_line_mAcm2_no_outliers_zscore
,B_N93__NiC_acet_1M_KOH__vs_RHE_B_05_CVA_C02_txt,B_N93__NiC_acet_1M_KOH__vs_RHE_B_05_CVA_C02_txt,B_N93__NiC_acet_1M_KOH__vs_RHE_B_05_CVA_C02_txt,B_N93__NiC_acet_1M_KOH__vs_RHE_B_05_CVA_C02_txt,B_N93__NiC_acet_1M_KOH__vs_RHE_B_05_CVA_C02_txt,B_N93__NiC_acet_1M_KOH__vs_RHE_B_05_CVA_C02_txt,B_N94__NiC_nit_1M_KOH__vs_RHE_B_05_CVA_C02_txt,B_N94__NiC_nit_1M_KOH__vs_RHE_B_05_CVA_C02_txt,B_N94__NiC_nit_1M_KOH__vs_RHE_B_05_CVA_C02_txt,B_N94__NiC_nit_1M_KOH__vs_RHE_B_05_CVA_C02_txt,B_N94__NiC_nit_1M_KOH__vs_RHE_B_05_CVA_C02_txt,B_N94__NiC_nit_1M_KOH__vs_RHE_B_05_CVA_C02_txt
9.0,0.033330607653657945,0.12789677801646915,-0.13044544017978674,-0.16377604783344468,0.0,0.033330607653657945,0.025380895091896394,0.11066395059076224,-0.1081166521569277,-0.1334975472488241,0.0,0.025380895091896394
19.0,0.03199270497255047,0.24163478267096286,-0.2652623255079868,-0.29725503048053725,0.0,0.03199270497255047,0.027161016948919925,0.12542579090583508,-0.1225447133559962,-0.14970573030491613,0.0,0.027161016948919925
29.0,0.029368618370330613,0.18896261117078325,-0.21738280343575206,-0.24675142180608267,0.0,0.029368618370330613,0.02838879422902496,0.10847644897959141,-0.10440201515714242,-0.13279080938616739,0.0,0.02838879422902496
39.0,0.02830873014858587,0.22880436555674777,-0.26915956655136913,-0.297468296699955,0.0,0.02830873014858587,0.02878120042009788,0.10655010454708158,-0.10227020124342961,-0.1310514016635275,0.0,0.02878120042009788
49.0,0.025024691744838345,0.18749236233440683,-0.2273540461804247,-0.25237873792526305,0.0,0.025024691744838345,0.028957413968253937,0.10650159863945541,-0.10216158583843507,-0.131118999806689,0.0,0.028957413968253937
59.0,0.022431718565461334,0.20094504976727443,-0.2394234783174728,-0.2618551968829341,0.0,0.022431718565461334,0.028792305168277826,0.10810395846759717,-0.10393569100508379,-0.13272799617336162,0.0,0.028792305168277826
69.0,0.020367920129490458,0.231533625492301,-0.2698329342142973,-0.2902008543437878,0.0,0.020367920129490458,0.028239410631937023,0.10827635481561007,-0.1044592817246863,-0.13269869235662332,0.0,0.028239410631937023
79.0,0.019623660553765465,0.21195126459004598,-0.24804019756941292,-0.2676638581231784,0.0,0.019623660553765465,0.027646477835660627,0.10834637235946987,-0.10503482109706383,-0.13268129893272446,0.0,0.027646477835660627
89.0,0.019030809140708982,0.18656394880057225,-0.2210359345209854,-0.2400667436616944,0.0,0.019030809140708982,0.026611718873373907,0.10769426136770453,-0.10507103465857459,-0.1316827535319485,0.0,0.026611718873373907
99.0,0.01865807387874452,0.20067701181525194,-0.23477091042847215,-0.25342898430721666,0.0,0.01865807387874452,0.02577394378684808,0.10945289795918325,-0.10787835123265266,-0.13365229501950074,0.0,0.02577394378684808
109.0,0.01873942724489802,0.18715227210884292,-0.21928236938955042,-0.23802179663444845,0.0,0.01873942724489802,0.025420331199427132,0.11467218725384842,-0.11478973415110946,-0.1402100653505366,0.0,0.025420331199427132
119.0,0.01835193415682071,0.19803481919083354,-0.2300166736546716,-0.2483686078114923,0.0,0.01835193415682071,0.027429832681704264,0.12231141962047905,-0.12676242262987758,-0.15419225531158184,0.0,0.027429832681704264
129.0,0.01835374347475835,0.18407707697815906,-0.2149292670451466,-0.23328301051990494,0.0,0.01835374347475835,0.029321193215180813,0.18611172144647234,-0.20266969197568824,-0.23199088519086905,0.0,0.029321193215180813
139.0,0.018353269849027354,0.17905356999641922,-0.20925217259486745,-0.2276054424438948,0.0,0.018353269849027354,0.02717068642737802,0.20633240315073303,-0.23021869935191458,-0.2573893857792926,0.0,0.02717068642737802
149.0,0.018082019835302637,0.1809310429645536,-0.21096417019628932,-0.22904619003159196,0.0,0.018082019835302637,0.02394639835302545,0.19463221195846658,-0.21991030209509388,-0.24385670044811933,0.0,0.02394639835302545
159.0,0.018324397547440058,0.1617771210168272,-0.19069657052311223,-0.2090209680705523,0.0,0.018324397547440058,0.02222095457512832,0.18312746723952653,-0.20861621539892505,-0.23083716997405337,0.0,0.02222095457512832
169.0,0.018180411619525022,0.1826430605084134,-0.21201702888590285,-0.23019744050542787,0.0,0.018180411619525022,0.021207390751879718,0.182549824561403,-0.20778248744969524,-0.22898987820157496,0.0,0.021207390751879718
179.0,0.017876541952500352,0.191490635875402,-0.2212551169492709,-0.23913165890177127,0.0,0.017876541952500352,0.021134778962883433,0.17365288900823414,-0.19850027025028572,-0.21963504921316915,0.0,0.021134778962883433
189.0,0.017842391366511612,0.18934369853204372,-0.21886372547787247,-0.23670611684438408,0.0,0.017842391366511612,0.020493881249552454,0.1695139828141775,-0.19507046541793693,-0.2155643466674894,0.0,0.020493881249552454
199.0,0.016697220828261194,0.15933122019334048,-0.18889214608725668,-0.20558936691551788,0.0,0.016697220828261194,0.020018326790786523,0.16609471177944765,-0.191992469679018,-0.21201079646980453,0.0,0.020018326790786523
209.0,0.017170692443012336,0.20652149874686576,-0.23674665698514574,-0.2539173494281581,0.0,0.017170692443012336,0.019569496319369883,0.16095928284998143,-0.18526328082747878,-0.20483277714684867,0.0,0.019569496319369883
219.0,0.017103261649361517,0.16875666881489432,-0.19782432883698386,-0.21492759048634538,0.0,0.017103261649361517,0.01987893275092492,0.15691593483709207,-0.18177617265653356,-0.20165510540745848,0.0,0.01987893275092492
229.0,0.01830448954171146,0.1949268575008942,-0.2235005705930882,-0.24180506013479966,0.0,0.01830448954171146,0.01992421537414965,0.15668190476190416,-0.1821732420272103,-0.20209745740135995,0.0,0.01992421537414965
239.0,0.01783099792218651,0.18599111672037172,-0.21465598253232793,-0.23248698045451444,0.0,0.01783099792218651,0.019741543123881156,0.15292409989258773,-0.17863403883259849,-0.19837558195647964,0.0,0.019741543123881156
249.0,0.018022155393245115,0.1801458761188679,-0.20848320116135688,-0.226505356554602,0.0,0.018022155393245115,0.020029788608425858,0.15823180844969492,-0.18485653092837373,-0.2048863195367996,0.0,0.020029788608425858
259.0,0.01729219448681235,0.22728823236663054,-0.25765958095747116,-0.2749517754442835,0.0,0.01729219448681235,0.020409354469507146,0.15898729573934728,-0.18604887103800466,-0.2064582255075118,0.0,0.020409354469507146
269.0,0.01786543406552099,0.18547419763694886,-0.21401012338365993,-0.23187555744918092,0.0,0.01786543406552099,0.020765802496121255,0.1586894905119934,-0.18594599432246606,-0.2067117968185873,0.0,0.020765802496121255
279.0,0.01827220113438363,0.19502365556748946,-0.22347169104268455,-0.24174389217706818,0.0,0.01827220113438363,0.021062826329514284,0.16175892409595322,-0.18995072334810148,-0.21101354967761576,0.0,0.021062826329514284
289.0,0.01799627756414851,0.24749260615825205,-0.27765786337993265,-0.29565414094408116,0.0,0.01799627756414851,0.021247563373910983,0.17053567382742482,-0.1996379957780693,-0.22088555915198027,0.0,0.021247563373910983
299.0,0.014891422043203345,0.19898913927676137,-0.2279892226423309,-0.24288064468553425,0.0,0.014891422043203345,0.021775876466762212,0.15994751414249836,-0.18828617468122016,-0.21006205114798238,0.0,0.021775876466762212
309.0,0.017861448447905492,0.11287346079484294,-0.13841922457532843,-0.15628067302323392,0.0,0.017861448447905492,0.021276133354815596,0.15834743036161744,-0.1860297079883092,-0.2073058413431248,0.0,0.021276133354815596
319.0,0.015430733799379454,0.1520800050125297,-0.18125000507500155,-0.196680738874381,0.0,0.015430733799379454,0.02140259382265186,0.16236194629430611,-0.1909994593731461,-0.21240205319579797,0.0,0.02140259382265186
329.0,0.02160375637247891,0.27526361475116234,-0.3040101805338676,-0.3256139369063465,0.0,0.02160375637247891,0.021698420436806337,0.15650609308986635,-0.1857227770798771,-0.20742119751668345,0.0,0.021698420436806337
339.0,0.015273820198711097,0.20160781417830184,-0.23288336046052532,-0.24815718065923642,0.0,0.015273820198711097,0.02252390030075188,0.16876431077694118,-0.19908795090368664,-0.22161185120443852,0.0,0.02252390030075188
349.0,0.01990239191789006,0.2626317150017894,-0.29158110035785095,-0.311483492275741,0.0,0.01990239191789006,0.022071952881012047,0.16600831793770032,-0.19682835799978415,-0.2189003108807962,0.0,0.022071952881012047
359.0,0.02065940021959667,0.40673326924453934,-0.438885328052225,-0.4595447282718217,0.0,0.02065940021959667,0.022920959439670596,0.17244544933762895,-0.2036344295750082,-0.2265553890146788,0.0,0.022920959439670596
369.0,0.01922057490631346,0.2249035044754731,-0.25203073758991923,-0.2712513124962327,0.0,0.01922057490631346,0.022192813175199888,0.17011222019333946,-0.20169319732132018,-0.22388601049652007,0.0,0.022192813175199888
379.0,0.018504774035684513,0.2084060927318297,-0.23837359732233532,-0.25687837135801983,0.0,0.018504774035684513,0.02345787158073756,0.17104693161474988,-0.20288819539777891,-0.22634606697851647,0.0,0.02345787158073756
389.0,0.01795897511755587,0.1582051467955595,-0.18621824224430633,-0.2041772173618622,0.0,0.01795897511755587,0.02306877885547204,0.17140569638381584,-0.203292971423021,-0.22636175027849303,0.0,0.02306877885547204
399.0,0.015746848542785574,0.2903125735767981,-0.3216493326752686,-0.33739618121805415,0.0,0.015746848542785574,0.02323146414727295,0.17101563623343943,-0.20326175167253718,-0.22649321581981013,0.0,0.02323146414727295
409.0,0.018603661497195445,0.1820983358395981,-0.2094551517650517,-0.22805881326224714,0.0,0.018603661497195445,0.02336340768170428,0.1661914332259208,-0.19765650046593158,-0.22101990814763586,0.0,0.02336340768170428
419.0,0.018720091418427065,0.24730450161117007,-0.2773411847889209,-0.29606127620734796,0.0,0.018720091418427065,0.023759438622150603,0.16674728786251225,-0.19910187382250155,-0.22286131244465215,0.0,0.023759438622150603
429.0,0.01617563675677293,0.06999445327604735,-0.09737968175494743,-0.11355531851172036,0.0,0.01617563675677293,0.023904323978398395,0.17351931471535884,-0.20674446694511184,-0.23064879092351023,0.0,0.023904323978398395
439.0,0.016157594823367982,0.15880082957393343,-0.18853016545874618,-0.20468776028211416,0.0,0.016157594823367982,0.02419295292755705,0.17989783315431324,-0.21374478438868488,-0.23793773731624193,0.0,0.02419295292755705
449.0,0.019369456201217383,0.2067267253848897,-0.2333477551510278,-0.2527172113522452,0.0,0.019369456201217383,0.024350994530373565,0.18363641532402347,-0.21809765053691288,-0.24244864506728644,0.0,0.024350994530373565
459.0,0.017861848085093723,0.08452963086287171,-0.10991860687684021,-0.12778045496193394,0.0,0.017861848085093723,0.024038794036877864,0.1926635331185093,-0.22785123740873497,-0.25189003144561284,0.0,0.024038794036877864
469.0,0.01651033316087841,0.07328764983888335,-0.09980907339064704,-0.11631940655152545,0.0,0.01651033316087841,0.02479934389366273,0.1841450404582874,-0.2189153299821328,-0.24371467387579554,0.0,0.02479934389366273
479.0,0.017375392315908927,0.19988591729323216,-0.22828841296497643,-0.24566380528088536,0.0,0.017375392315908927,0.024097909699844877,0.18314042642319983,-0.2175347465877004,-0.24163265628754527,0.0,0.024097909699844877
489.0,0.018745574763098294,0.22100480093089878,-0.24798218140132983,-0.2667277561644281,0.0,0.018745574763098294,0.02460113603114933,0.19290103831005986,-0.22837259415860983,-0.25297373018975916,0.0,0.02460113603114933
499.0,0.017364024507697917,0.2440917622627995,-0.27641814334129283,-0.29378216784899075,0.0,0.017364024507697917,0.025363299415801455,0.19386005656999544,-0.2299398529799847,-0.25530315239578616,0.0,0.025363299415801455
509.0,0.0172327666624896,0.14338637021124173,-0.17197131579336555,-0.18920408245585515,0.0,0.0172327666624896,0.02498437753431204,0.18526452846401603,-0.2200878244642308,-0.24507220199854285,0.0,0.02498437753431204
519.0,0.018599293530254246,0.18643318080916507,-0.21372051037944934,-0.23231980390970358,0.0,0.018599293530254246,0.025085107140470186,0.19001804439670503,-0.2258813270623335,-0.2509664342028037,0.0,0.025085107140470186
529.0,0.0191058479424753,0.19238057608306436,-0.22056605811913804,-0.23967190606161334,0.0,0.0191058479424753,0.025579384618092837,0.2010047565341914,-0.23781402072350405,-0.2633934053415969,0.0,0.025579384618092837
539.0,0.020068664792338042,0.20854105298961667,-0.23661860567894927,-0.2566872704712873,0.0,0.020068664792338042,0.025928082171500222,0.2052571815252406,-0.24288699360708804,-0.26881507577858826,0.0,0.025928082171500222
549.0,0.019968428506385083,0.20307628464017088,-0.23086580599126216,-0.25083423449764725,0.0,0.019968428506385083,0.026859005852727103,0.19531117329036748,-0.23280686933392286,-0.25966587518664996,0.0,0.026859005852727103
559.0,0.01807148368122702,0.3082346244181865,-0.3410761218179272,-0.3591476054991542,0.0,0.01807148368122702,0.025848034175916024,0.21066817830289908,-0.24909805714425248,-0.2749460913201685,0.0,0.025848034175916024
569.0,0.019738692917412703,0.20677900143215167,-0.23568066050749925,-0.25541935342491195,0.0,0.019738692917412703,0.02612491314476667,0.20745728965270196,-0.24571470623326058,-0.27183961937802725,0.0,0.02612491314476667
579.0,0.01860213188865023,0.1375813404940916,-0.16500181500610875,-0.18360394689475898,0.0,0.01860213188865023,0.027578608384652148,0.20698662370211124,-0.2457700457064077,-0.27334865409105985,0.0,0.027578608384652148
589.0,0.01978954670485744,0.2034226093805939,-0.23185415999112302,-0.25164370669598046,0.0,0.01978954670485744,0.026961795698770774,0.19736678517722733,-0.23585883501197485,-0.26282063071074563,0.0,0.026961795698770774
599.0,0.018976250338345935,0.22208213533834514,-0.25124001529831075,-0.2702162656366567,0.0,0.018976250338345935,0.026475276416636884,0.1931608818474744,-0.23044129912561612,-0.256916575542253,0.0,0.026475276416636884
609.0,0.019416896293710573,0.23384671929824488,-0.2634756591622269,-0.2828925554559375,0.0,0.019416896293710573,0.026725231530612292,0.1976773197278899,-0.2349452781748287,-0.261670509705441,0.0,0.026725231530612292
619.0,0.020223367108246848,0.17960558252774753,-0.20764905908049797,-0.22787242618874481,0.0,0.020223367108246848,0.027513201805107967,0.19787531614751028,-0.2366601381675963,-0.26417333997270426,0.0,0.027513201805107967
629.0,0.019775007706170245,0.22207986931614662,-0.2513924916236833,-0.27116749932985357,0.0,0.019775007706170245,0.027199834431316405,0.20854774078052177,-0.24827062881596762,-0.275470463247284,0.0,0.027199834431316405
639.0,0.01956436472550424,0.19667626888650128,-0.2253132234664419,-0.24487758819194613,0.0,0.01956436472550424,0.026717275870032253,0.1990840554958813,-0.2383964319518963,-0.26511370782192856,0.0,0.026717275870032253
649.0,0.022407066296694145,0.1800960379520218,-0.20602683299332647,-0.22843389929002061,0.0,0.022407066296694145,0.027558015690416493,0.21373619906909985,-0.2537955007947712,-0.2813535164851877,0.0,0.027558015690416493
659.0,0.01759908514202177,0.17433842642320083,-0.20402160729317936,-0.22162069243520113,0.0,0.01759908514202177,0.02779964005967306,0.20298459756534074,-0.2416521762481012,-0.26945181630777426,0.0,0.02779964005967306
669.0,0.017393871273421735,0.18483287218045058,-0.21536675059847837,-0.2327606218719001,0.0,0.017393871273421735,0.02851796853801175,0.21570109774435978,-0.2558315554284629,-0.28434952396647467,0.0,0.02851796853801175
679.0,0.019595982125551997,0.09560879126387312,-0.12148390025094219,-0.1410798823764942,0.0,0.019595982125551997,0.027816142135696442,0.21424062298603513,-0.25581851574006303,-0.2836346578757595,0.0,0.027816142135696442
689.0,0.019885585807972395,0.20368020981023904,-0.23286397674665,-0.2527495625546224,0.0,0.019885585807972395,0.028451138297529488,0.22198830540637193,-0.2637942865836545,-0.292245424881184,0.0,0.028451138297529488
699.0,0.020540061824203426,0.2048352262799849,-0.23374226660454694,-0.25428232842875037,0.0,0.020540061824203426,0.02770519209869915,0.2069701682778362,-0.2463459591929812,-0.27405115129168034,0.0,0.02770519209869915
709.0,0.020273467477025908,0.22851964160400925,-0.258095839187473,-0.2783693066644989,0.0,0.020273467477025908,0.026643859865139063,0.20996359684926477,-0.24959805697053228,-0.27624191683567134,0.0,0.026643859865139063
719.0,0.020138004423558953,0.20825291228070109,-0.23743153171115716,-0.2575695361347161,0.0,0.020138004423558953,0.028350132880415324,0.21791939026136628,-0.2588438504322041,-0.2871939833126194,0.0,0.028350132880415324
729.0,0.02134290426363533,0.2311067712137481,-0.2604657039830113,-0.2818086082466466,0.0,0.02134290426363533,0.028998856864781042,0.21993183208019915,-0.2616786564320251,-0.29067751329680613,0.0,0.028998856864781042
739.0,0.018704355804988693,0.10921738775510122,-0.1373487317508563,-0.156053087555845,0.0,0.018704355804988693,0.029055216335481526,0.21245247296813324,-0.25410014493274136,-0.2831553612682229,0.0,0.029055216335481526
749.0,0.019262180519751787,0.12336213533834484,-0.15144105862729001,-0.1707032391470418,0.0,0.019262180519751787,0.029016553653777366,0.2238475771571771,-0.26620162544606,-0.2952181790998374,0.0,0.029016553653777366
759.0,0.01853442176930431,0.25594756713211453,-0.28903070472288783,-0.30756512649219214,0.0,0.01853442176930431,0.029059252697219262,0.20999743036161703,-0.2515179551821863,-0.28057720787940554,0.0,0.029059252697219262
769.0,0.019973722144647377,0.23556636126029268,-0.2664819860706263,-0.28645570821527366,0.0,0.019973722144647377,0.02981040279926006,0.21521472287862367,-0.25732852982776433,-0.2871389326270244,0.0,0.02981040279926006
779.0,0.02109647454230823,0.3139677103472961,-0.34625083440099824,-0.36734730894330647,0.0,0.02109647454230823,0.029235413578589386,0.22569820694593482,-0.26857643578782525,-0.29781184936641464,0.0,0.029235413578589386
789.0,0.020452568383458714,0.20931188399570322,-0.239273938678135,-0.2597265070615937,0.0,0.020452568383458714,0.02959780011755575,0.22802252774794002,-0.27152395205298846,-0.3011217521705442,0.0,0.02959780011755575
799.0,0.01856634079902153,0.3358852742570701,-0.36862314430045195,-0.3871894850994735,0.0,0.01856634079902153,0.02907823210347299,0.22322046723952602,-0.2650226694223939,-0.2941009015258669,0.0,0.02907823210347299
809.0,0.020873805581214988,0.2224450193340487,-0.2523824163040788,-0.2732562218852938,0.0,0.020873805581214988,0.030239045248836416,0.20788755531686215,-0.24960818452663658,-0.279847229775473,0.0,0.030239045248836416
819.0,0.01815832156522268,0.23312150590762548,-0.26806500416692947,-0.28622332573215215,0.0,0.01815832156522268,0.03031828074113857,0.22501258216970865,-0.2686589624482264,-0.29897724318936497,0.0,0.03031828074113857
829.0,0.020142650598520107,0.21176290834228345,-0.24284584664505393,-0.26298849724357404,0.0,0.020142650598520107,0.031096094532760465,0.23648409881847318,-0.2814850305963465,-0.31258112512910696,0.0,0.031096094532760465
839.0,0.02122171643752241,0.25721654099534474,-0.2880608212305234,-0.3092825376680458,0.0,0.02122171643752241,0.030315952376178512,0.21965467382742426,-0.2631959715627627,-0.2935119239389412,0.0,0.030315952376178512
849.0,0.021254474016589087,0.2503888968850692,-0.2817146053959157,-0.3029690794125048,0.0,0.021254474016589087,0.02970687371822417,0.22457907232366514,-0.2669346200528273,-0.2966414937710515,0.0,0.02970687371822417
859.0,0.021788786095596174,0.1978931389187248,-0.22763094324418198,-0.24941972933977816,0.0,0.021788786095596174,0.029561293916338494,0.23343061868958007,-0.2772122046828132,-0.3067734985991517,0.0,0.029561293916338494
869.0,0.02205616377491354,0.2293980791263867,-0.2603574116122119,-0.2824135753871254,0.0,0.02205616377491354,0.030169105617018743,0.230710707124954,-0.27530334353553404,-0.3054724491525528,0.0,0.030169105617018743
879.0,0.02218410172216262,0.2251457568922298,-0.25607945963181233,-0.27826356135397495,0.0,0.02218410172216262,0.03086555727413781,0.24645203437164204,-0.2920956501641232,-0.322961207438261,0.0,0.03086555727413781
889.0,0.02189798061701881,0.22348597923379807,-0.25463876695046106,-0.27653674756747987,0.0,0.02189798061701881,0.030748690287623837,0.23900205836018446,-0.28472550154584503,-0.31547419183346886,0.0,0.030748690287623837
899.0,0.021202299243943235,0.20352534837092598,-0.23511732487823273,-0.25631962412217596,0.0,0.021202299243943235,0.030446510686836126,0.23563002076619965,-0.2799528600403136,-0.31039937072714974,0.0,0.030446510686836126
909.0,0.020072117468075024,0.27603685571070413,-0.31069884886478494,-0.33077096633285996,0.0,0.020072117468075024,0.030614625639694526,0.23251794522019212,-0.2768190648062824,-0.3074336904459769,0.0,0.030614625639694526
919.0,0.022654629251103953,0.23393039885427774,-0.2651506619689874,-0.28780529122009135,0.0,0.022654629251103953,0.03070090405537651,0.24189904618689484,-0.28757051816799056,-0.3182714222233671,0.0,0.03070090405537651
929.0,0.023239568650196996,0.2650182151808091,-0.2969076508799676,-0.3201472195301646,0.0,0.023239568650196996,0.031106363311254326,0.24485144468313502,-0.29121911791111577,-0.3223254812223701,0.0,0.031106363311254326
939.0,0.020834168845327683,0.23133336126029336,-0.2641064373056883,-0.28494060615101596,0.0,0.020834168845327683,0.03265127123821454,0.23665301002506148,-0.2829050922420863,-0.31555636348030086,0.0,0.03265127123821454
949.0,0.02400831036281184,0.1652980816326519,-0.1952866560464478,-0.21929496640925963,0.0,0.02400831036281184,0.029825444709989324,0.23348574794128032,-0.2771928542732888,-0.30701829898327815,0.0,0.029825444709989324
959.0,0.022990788116123706,0.2002116659505899,-0.23109165436488205,-0.25408244248100575,0.0,0.022990788116123706,0.03126184366750212,0.23516689330468893,-0.2800131216177394,-0.3112749652852415,0.0,0.03126184366750212
969.0,0.02342489918367352,0.1442135442176868,-0.17265683185636704,-0.19608173104004056,0.0,0.02342489918367352,0.031507283257548646,0.24529434837092584,-0.29143590624391186,-0.3229431895014605,0.0,0.031507283257548646
979.0,0.020533192639336506,0.2571538063014669,-0.2926299630875842,-0.3131631557269207,0.0,0.020533192639336506,0.03195236958169234,0.2503005764411015,-0.2974939007337975,-0.32944627031548984,0.0,0.03195236958169234
989.0,0.023555411324143793,0.24201752058718115,-0.2740972391204822,-0.29765265044462597,0.0,0.023555411324143793,0.03213798677109447,0.24126868349444877,-0.28651630207065715,-0.3186542888417516,0.0,0.03213798677109447
999.0,0.023218474883040963,0.23575360401002413,-0.2682468734460915,-0.29146534832913246,0.0,0.023218474883040963,0.03218471811672041,0.2555104031507325,-0.303114293207016,-0.3352990113237364,0.0,0.03218471811672041
