cycle,delta_line_mAcm2,m_fit,b_ox_fit,b_red_fit,is_outlier_zscore,delta_line_mAcm2_no_outliers_zscore,is_sampled
1,0.026607014324501743,0.029050999641961863,-0.02295003215364534,-0.049557046478147085,,,False
3,0.027670744199188496,0.11526708557107017,-0.11343041783838845,-0.14110116203757694,,,False
5,0.028613340063850107,0.14101155388471107,-0.14057363974773293,-0.16918697981158304,,,False
7,0.02918729688686006,0.19981580916577052,-0.20194644973148118,-0.23113374661834124,,,False
9,0.030672505020288815,0.1150141872538487,-0.1144878252596668,-0.14516033027995562,,,False
11,0.031793360245852775,0.11993952918009271,-0.11966515812041845,-0.15145851836627122,,,False
13,0.032329274230815164,0.12146296670246992,-0.12190380796005532,-0.15423308219087048,,,False
15,0.03289562712674546,0.11837493233082651,-0.11946482827459878,-0.15236045540134424,,,False
17,0.033330607653657945,0.12789677801646915,-0.13044544017978674,-0.16377604783344468,0.0,0.033330607653657945,True
19,0.03341060496419623,0.09536412853562415,-0.098579968172719,-0.13199057313691523,,,False
21,0.034461889100728005,0.13901654278553469,-0.14441254296168365,-0.17887443206241166,,,False
23,0.033566319901539576,0.19052302184031508,-0.20027318955488727,-0.23383950945642684,,,False
25,0.0352936970736365,0.13473929430719603,-0.14322461811140438,-0.17851831518504088,,,False
27,0.03382570829514267,0.15892885320443903,-0.17158307466254924,-0.2054087829576919,,,False
29,0.034590618248597715,0.11618431077694155,-0.12849501700317853,-0.16308563525177625,,,False
31,0.034333808836376656,0.19458328965270216,-0.21114269802867353,-0.24547650686505018,,,False
33,0.033776778682420405,0.1971804117436442,-0.21577683032436024,-0.24955360900678064,,,False
35,0.0339648158652584,0.19490182456140268,-0.21441598289545788,-0.24838079876071628,,,False
37,0.03199270497255047,0.24163478267096286,-0.2652623255079868,-0.29725503048053725,0.0,0.03199270497255047,True
39,0.032153671001312806,0.1889059606158243,-0.21111551065170264,-0.24326918165301545,,,False
41,0.0312735708563075,0.20123111349803025,-0.22485462855746446,-0.25612819941377196,,,False
43,0.03061341798305292,0.17803235195130598,-0.20159096997479825,-0.23220438795785117,,,False
45,0.029477014016589143,0.17653206015037493,-0.2013234276446907,-0.23080044166127983,,,False
47,0.029181021380236316,0.181766837808807,-0.20706217145971573,-0.23624319283995204,,,False
49,0.02876297055853927,0.20361102613676968,-0.23015403813562962,-0.2589170086941689,,,False
51,0.02883143186060394,0.18524603222341468,-0.21173620145647154,-0.24056763331707548,,,False
53,0.028658245467836352,0.2060271349803071,-0.23376062174738466,-0.262418867215221,,,False
55,0.029491958157894738,0.17678739240959454,-0.20373722668166833,-0.23322918483956306,,,False
57,0.029368618370330613,0.18896261117078325,-0.21738280343575206,-0.24675142180608267,0.0,0.029368618370330613,True
59,0.028940368588733806,0.18859454887217963,-0.21857328031970913,-0.24751364890844293,,,False
61,0.02945420483052874,0.19805378481918984,-0.2291110620075414,-0.25856526683807013,,,False
63,0.029955437217448477,0.19681261260293487,-0.2286481215174146,-0.25860355873486307,,,False
65,0.02971134342105275,0.2242142187611876,-0.2583824067501235,-0.2880937501711762,,,False
67,0.029818936123642503,0.19722176691729226,-0.23161952793006346,-0.26143846405370597,,,False
69,0.02927587690834238,0.19090581775868137,-0.22673324643492687,-0.25600912334326925,,,False
71,0.02983870818236073,0.2002123250984597,-0.23672430655270388,-0.2665630147350646,,,False
73,0.028246748955125967,0.19738554350161028,-0.2359373570775351,-0.26418410603266107,,,False
75,0.028845469029120496,0.2260377182241306,-0.2654061832650406,-0.2942516522941611,,,False
77,0.02830873014858587,0.22880436555674777,-0.26915956655136913,-0.297468296699955,0.0,0.02830873014858587,True
79,0.02775070016290726,0.22849574543501538,-0.26941741491932697,-0.29716811508223423,,,False
81,0.02724035746210768,0.22958719119226506,-0.2711227751702994,-0.2983631326324071,,,False
83,0.02659075373194897,0.18353124561403406,-0.22413029055870787,-0.25072104429065684,,,False
85,0.026026824062537313,0.21003539598997403,-0.25179458741729455,-0.27782141147983186,,,False
87,0.025633684377610766,0.22183279412817702,-0.2640284415876557,-0.28966212596526647,,,False
89,0.025669442738990467,0.2270951432151799,-0.2691111664648433,-0.29478060920383375,,,False
91,0.02538319469029726,0.20659614822771155,-0.24789634743849986,-0.2732795421287971,,,False
93,0.024905644338226618,0.22743968993913263,-0.26943241079165103,-0.29433805512987765,,,False
95,0.023935704723117346,0.25711821124239087,-0.3005200685865168,-0.32445577330963415,,,False
97,0.025024691744838345,0.18749236233440683,-0.2273540461804247,-0.25237873792526305,0.0,0.025024691744838345,True
99,0.023462631253132915,0.2172030046544927,-0.25897181281003573,-0.28243444406316864,,,False
101,0.02349848119525011,0.2346720404582877,-0.2764584871888692,-0.2999569683841193,,,False
103,0.023375644575128363,0.21181135839598922,-0.25255823620383167,-0.27593388077896003,,,False
105,0.02408526375462472,0.258705456498388,-0.2997985094166265,-0.3238837731712512,,,False
107,0.02261954728905602,0.19810057321876012,-0.23840499813295485,-0.26102454542201087,,,False
109,0.023384643082706824,0.249073675259577,-0.2897372558915676,-0.31312189897427445,,,False
111,0.022584047783148375,0.21658307697815887,-0.25651768253747287,-0.27910173032062124,,,False
113,0.02314692617078412,0.2120239036877903,-0.2509265563912626,-0.2740734825620467,,,False
115,0.02198469525182012,0.21343994880057235,-0.25315239127820993,-0.27513708653003005,,,False
117,0.022431718565461334,0.20094504976727443,-0.2394234783174728,-0.2618551968829341,0.0,0.022431718565461334,True
119,0.02201336828977213,0.21234118438954444,-0.25121518237303453,-0.27322855066280666,,,False
121,0.02141388694175922,0.2085770941639809,-0.24756639843734435,-0.26898028537910357,,,False
123,0.021598895396825468,0.2093572380952372,-0.24780507399485624,-0.2694039693916817,,,False
125,0.02102170282074234,0.19120340494092294,-0.22941131624599276,-0.2504330190667351,,,False
127,0.021210137590404632,0.1979200633727165,-0.23582454238102363,-0.25703467997142826,,,False
129,0.021095410849146734,0.2066569133548151,-0.24451143251915952,-0.26560684336830626,,,False
131,0.020553839338226576,0.22010528857858863,-0.2587345354207533,-0.2792883747589799,,,False
133,0.020825664645542474,0.2085777765843171,-0.2463187861180013,-0.26714445076354376,,,False
135,0.02097452335541239,0.20547835123523028,-0.24272164001221203,-0.2636961633676244,,,False
137,0.020367920129490458,0.231533625492301,-0.2698329342142973,-0.2902008543437878,0.0,0.020367920129490458,True
139,0.01926308881907149,0.15121116935195061,-0.1878967127386374,-0.20715980155770888,,,False
141,0.02031384282790316,0.19546037379162126,-0.2321600057413183,-0.25247384856922145,,,False
143,0.021094767568922312,0.15944875546007822,-0.19415117110447633,-0.21524593867339864,,,False
145,0.020394229627043847,0.19913383494450326,-0.23542585937226762,-0.25582008899931147,,,False
147,0.020302680528106076,0.1998390343716426,-0.23596343951921073,-0.2562661200473168,,,False
149,0.01983517268946175,0.15850509165771512,-0.19374028143396504,-0.2135754541234268,,,False
151,0.02015712309225448,0.19717366093805894,-0.2329348146953486,-0.2530919377876031,,,False
153,0.020675158300513197,0.1906210118152515,-0.22552428937083907,-0.24619944767135227,,,False
155,0.020010651319966655,0.19858827175080498,-0.23410410887564487,-0.2541147601956115,,,False
157,0.019623660553765465,0.21195126459004598,-0.24804019756941292,-0.2676638581231784,0.0,0.019623660553765465,True
159,0.019832726672634027,0.1959705148585743,-0.23125378885428066,-0.2510865155269147,,,False
161,0.01969983501133793,0.1977388571428564,-0.23285706669355027,-0.2525569017048882,,,False
163,0.019855910439790014,0.1948766294307188,-0.22974784289187017,-0.24960375333166018,,,False
165,0.019697746519274417,0.1768003809523805,-0.2112024981875914,-0.23090024470686582,,,False
167,0.01960058854159208,0.19754273182957305,-0.23246264954532675,-0.25206323808691883,,,False
169,0.01923069824919449,0.19370516362334347,-0.22865998605435384,-0.24789068430354833,,,False
171,0.01925866277479421,0.18492114393125617,-0.21956869316800154,-0.23882735594279575,,,False
173,0.019241536318773123,0.1904403415682055,-0.2250882654481926,-0.24432980176696573,,,False
175,0.01957589895214229,0.1999798847117787,-0.23449242170921086,-0.25406832066135315,,,False
177,0.019030809140708982,0.18656394880057225,-0.2210359345209854,-0.2400667436616944,0.0,0.019030809140708982,True
179,0.0193398826805109,0.19160236018617904,-0.22579667723731828,-0.24513655991782918,,,False
181,0.01933054199427145,0.196221675259577,-0.2304777798995677,-0.24980832189383914,,,False
183,0.018742429788757647,0.17380807876834872,-0.20775276080842892,-0.22649519059718656,,,False
185,0.019307491870151683,0.18820601790189706,-0.22200440506515084,-0.24131189693530253,,,False
187,0.019212472860126506,0.19120286967418482,-0.22498677297199726,-0.24419924583212377,,,False
189,0.01924780921410668,0.1903049645542421,-0.22391808869303054,-0.24316589790713722,,,False
191,0.019160351300274547,0.18937752918009232,-0.22295699550923437,-0.24211734680950892,,,False
193,0.018640199656283607,0.22265156319369764,-0.25768511003792816,-0.27632530969421176,,,False
195,0.019244457083184174,0.1739040418904399,-0.2067459539078384,-0.22599041099102257,,,False
197,0.01865807387874452,0.20067701181525194,-0.23477091042847215,-0.25342898430721666,0.0,0.01865807387874452,True
199,0.018795681411863052,0.17616312710347232,-0.20928317998383167,-0.22807886139569472,,,False
201,0.03265543367167924,0.06735208771929771,-0.08243110908822929,-0.11508654275990853,,,False
203,0.018932471530015565,0.1778412696025773,-0.2100936326187019,-0.22902610414871746,,,False
205,0.01871223253968257,0.18010368027210827,-0.21250536899310146,-0.23121760153278403,,,False
207,0.01888107417293236,0.1862840977443603,-0.2186882341012561,-0.23756930827418846,,,False
209,0.01869765907387519,0.18373634837092664,-0.2160919252189274,-0.23478958429280258,,,False
211,0.01863440805585395,0.17678244683136338,-0.20901520368342352,-0.22764961173927747,,,False
213,0.018748418663921768,0.18630073540995276,-0.21859849784299396,-0.23734691650691572,,,False
215,0.018651454015992414,0.18423981274615042,-0.21635909849372004,-0.23501055250971245,,,False
217,0.01873942724489802,0.18715227210884292,-0.21928236938955042,-0.23802179663444845,0.0,0.01873942724489802,True
219,0.018517403131638688,0.19895409846043619,-0.2315506525957608,-0.2500680557273995,,,False
221,0.017979933916935226,0.14988875725026818,-0.18143617811237128,-0.1994161120293065,,,False
223,0.01876246515156943,0.17747919441460724,-0.2089569102212453,-0.22771937537281473,,,False
225,0.018244194211719855,0.200603587182241,-0.23326380716461614,-0.251508001376336,,,False
227,0.018359739397899533,0.17874030791263812,-0.21050456511789417,-0.2288643045157937,,,False
229,0.018631835911803396,0.184455503043322,-0.21604861408597142,-0.23468044999777482,,,False
231,0.01872172641007286,0.17653172502685224,-0.20776294577234738,-0.22648467218242024,,,False
233,0.018412417771213774,0.1870904826351586,-0.2188278033276856,-0.23724022109889936,,,False
235,0.018351081365914873,0.19887011779448543,-0.23098081322094222,-0.2493318945868571,,,False
237,0.01835193415682071,0.19803481919083354,-0.2300166736546716,-0.2483686078114923,0.0,0.01835193415682071,True
239,0.018317973280224414,0.18244223272466864,-0.2139317795909687,-0.23224975287119312,,,False
241,0.017995561855830094,0.15856777407805167,-0.1895781381135611,-0.2075736999693912,,,False
243,0.01779700149659874,0.2006484421768702,-0.23297261029024424,-0.250769611786843,,,False
245,0.01839822420097867,0.18384016791979882,-0.21504267348485223,-0.2334408976858309,,,False
247,0.01851277504236784,0.1863044976727527,-0.21734966265057298,-0.23586243769294082,,,False
249,0.01800731488125079,0.21328499785177124,-0.2455965618313824,-0.2636038767126332,,,False
251,0.01845198364124606,0.18342755853920464,-0.21439031850474916,-0.23284230214599522,,,False
253,0.017946991877312385,0.19078997314715293,-0.22234472837259867,-0.24029172024991105,,,False
255,0.018394116432151858,0.18294553884711695,-0.21377760680019248,-0.23217172323234433,,,False
257,0.01835374347475835,0.18407707697815906,-0.2149292670451466,-0.23328301051990494,0.0,0.01835374347475835,True
259,0.018173631266260926,0.18598103938417415,-0.21707269269519386,-0.23524632396145478,,,False
261,0.01859205726697699,0.1715472764052982,-0.20169325698413026,-0.22028531425110726,,,False
263,0.01809701069757727,0.18098273934837023,-0.21182736656150525,-0.22992437725908252,,,False
265,0.018489909451605224,0.1823487919799488,-0.21282584508789582,-0.23131575453950104,,,False
267,0.017564436515097287,0.16415524776226226,-0.19490493264132497,-0.21246936915642226,,,False
269,0.01817242033536226,0.19194374865735683,-0.22288266504831278,-0.24105508538367504,,,False
271,0.01798420602279513,0.19149104403866782,-0.2225238802945776,-0.24050808631737272,,,False
273,0.01831292176751409,0.18337236233440687,-0.21384277304817984,-0.23215569481569392,,,False
275,0.01804932032462106,0.17618491442892883,-0.2066312880393249,-0.22468060836394596,,,False
277,0.018353269849027354,0.17905356999641922,-0.20925217259486745,-0.2276054424438948,0.0,0.018353269849027354,True
279,0.018605818999283957,0.16027559971356914,-0.18955470810902203,-0.208160527108306,,,False
281,0.01827849784282143,0.19032423236663007,-0.22085412446245023,-0.23913262230527166,,,False
283,0.01824725901420221,0.1810949344790541,-0.2113710381936233,-0.2296182972078255,,,False
285,0.018369183529657496,0.17127900143215113,-0.201066431283009,-0.2194356148126665,,,False
287,0.01802712511934601,0.19241722234156736,-0.22306256083411735,-0.24108968595346336,,,False
289,0.018101868409118094,0.18113518904403816,-0.21131262641192855,-0.22941449482104664,,,False
291,0.018095649663444402,0.18876752524167512,-0.21908111537211117,-0.23717676503555557,,,False
293,0.018229021386203692,0.18189537307554546,-0.21196571955640542,-0.2301947409426091,,,False
295,0.017945322340374797,0.17240512209094105,-0.2023219817453184,-0.2202673040856932,,,False
297,0.018082019835302637,0.1809310429645536,-0.21096417019628932,-0.22904619003159196,0.0,0.018082019835302637,True
299,0.01819200172454949,0.18178635875402732,-0.21174052940128835,-0.22993253112583784,,,False
301,0.018347874820981047,0.1663936970998923,-0.19567409810233272,-0.21402197292331376,,,False
303,0.018233273852488435,0.1686421736484062,-0.19800353434840112,-0.21623680820088956,,,False
305,0.017969243836973403,0.1808422377371995,-0.21088155756964494,-0.22885080140661834,,,False
307,0.018083638058240897,0.18063177658431712,-0.2104771146917972,-0.2285607527500381,,,False
309,0.017813413974221315,0.18067288220551314,-0.21076057625297456,-0.22857399022719588,,,False
311,0.018076448500417786,0.1803192255639089,-0.21003552248791957,-0.22811197098833735,,,False
313,0.01794775158849507,0.17994041317579584,-0.2098162035721453,-0.22776395516064038,,,False
315,0.018562419471297303,0.16718417400644406,-0.1959824794176535,-0.2145448988889508,,,False
317,0.018324397547440058,0.1617771210168272,-0.19069657052311223,-0.2090209680705523,0.0,0.018324397547440058,True
319,0.017882646763337007,0.200433664518438,-0.23094453641562734,-0.24882718317896435,,,False
321,0.018020430250029834,0.17575401611170718,-0.20530638099097037,-0.2233268112410002,,,False
323,0.01825532572025304,0.1796673788041524,-0.20905817065219895,-0.227313496372452,,,False
325,0.0197174214846641,0.22002200429645444,-0.24910727241004837,-0.2688246938947125,,,False
327,0.017499749798902065,0.19906112817758634,-0.22979963474848714,-0.2472993845473892,,,False
329,0.018033041888053547,0.1828979298245608,-0.21254468477387256,-0.2305777266619261,,,False
331,0.017619737321876133,0.16332972466881449,-0.1927971597920748,-0.21041689711395092,,,False
333,0.01806504907745554,0.18203964912280646,-0.211612578822427,-0.22967762789988255,,,False
335,0.017589961746031807,0.1901024829931967,-0.22023841466999938,-0.2378283764160312,,,False
337,0.018180411619525022,0.1826430605084134,-0.21201702888590285,-0.23019744050542787,0.0,0.018180411619525022,True
339,0.01828633686000719,0.1702712542069455,-0.1991831914478685,-0.2174695283078757,,,False
341,0.01768161573159091,0.16767279377013916,-0.19698507458428094,-0.21466669031587185,,,False
343,0.01798425883219959,0.18033781632653,-0.20973873390077485,-0.22772299273297444,,,False
345,0.017740588134025542,0.1765317955603291,-0.20604598390495144,-0.22378657203897698,,,False
347,0.01789100023690182,0.18351828070175372,-0.21302661425022057,-0.2309176144871224,,,False
349,0.017983529441460866,0.18114969495166425,-0.21050533549971578,-0.22848886494117665,,,False
351,0.018151966575963713,0.17176151700680214,-0.20065776753114234,-0.21880973410710605,,,False
353,0.01753534762978881,0.17878252130325742,-0.20845511750539558,-0.2259904651351844,,,False
355,0.017914712016947165,0.18202403580379475,-0.21143705065373103,-0.2293517626706782,,,False
357,0.017876541952500352,0.191490635875402,-0.2212551169492709,-0.23913165890177127,0.0,0.017876541952500352,True
359,0.01791367511337877,0.20858781632652976,-0.238677337074244,-0.25659101218762276,,,False
361,0.01802595335481566,0.18068138954529125,-0.2098997040749962,-0.22792565742981186,,,False
363,0.017594130941043062,0.19635654421768642,-0.2264636302159994,-0.24405776115704247,,,False
365,0.017927154042248566,0.18416784138918654,-0.21347105252517862,-0.23139820656742718,,,False
367,0.018366376373075533,0.1939903519513066,-0.22315996099790097,-0.2415263373709765,,,False
369,0.017904821892827327,0.18164367096312137,-0.21094770616657926,-0.2288525280594066,,,False
371,0.017683457962167387,0.17135791729323255,-0.20044320582391562,-0.218126663786083,,,False
373,0.018108217384532804,0.17005492660221927,-0.19870347728100918,-0.21681169466554198,,,False
375,0.01800981083422845,0.18117329967776527,-0.21024794716276207,-0.22825775799699052,,,False
377,0.017842391366511612,0.18934369853204372,-0.21886372547787247,-0.23670611684438408,0.0,0.017842391366511612,True
379,0.01837538260472621,0.17376040243465748,-0.2022540821745729,-0.22062946477929912,,,False
381,0.018472970259577587,0.15561132151808052,-0.18344710694030247,-0.20192007719988006,,,False
383,0.01828825683971841,0.17933519620479738,-0.20804427974473222,-0.22633253658445063,,,False
385,0.018253536459601455,0.16514893304690265,-0.19345856790820581,-0.21171210436780727,,,False
387,0.01798849429884236,0.188083898675259,-0.21729943379707573,-0.2352879280959181,,,False
389,0.017397451219119286,0.16655651485857428,-0.19564896027150513,-0.21304641149062442,,,False
391,0.018204100620599184,0.17547378338703817,-0.2041204562846543,-0.2223245569052535,,,False
393,0.0179095671709035,0.18445955316863505,-0.21363127220775852,-0.23154083937866202,,,False
395,0.017866258670485746,0.18739291263873892,-0.2167046334680014,-0.23457089213848714,,,False
397,0.016697220828261194,0.15933122019334048,-0.18889214608725668,-0.20558936691551788,0.0,0.016697220828261194,True
399,0.01793586235051922,0.18054258646616472,-0.20949217962084565,-0.22742804197136487,,,False
401,0.0292834400674305,0.05321589545291808,-0.06626357922564133,-0.09554701929307183,,,False
403,0.01787302288518927,0.1878845667740773,-0.21667205235906467,-0.23454507524425394,,,False
405,0.016907628783864426,0.17402096706050763,-0.20337293381836874,-0.22028056260223317,,,False
407,0.017819256352190033,0.17959967239527327,-0.2082285346466911,-0.22604779099888114,,,False
409,0.018433098965270345,0.18369028678839935,-0.21192889177714486,-0.2303619907424152,,,False
411,0.017650252507459163,0.12821437486573495,-0.15551619113911624,-0.1731664436465754,,,False
413,0.016639461133190203,0.1829649906910131,-0.21303344848878386,-0.22967290962197406,,,False
415,0.017955620040577644,0.07148622484783357,-0.09686477353010928,-0.11482039357068692,,,False
417,0.017170692443012336,0.20652149874686576,-0.23674665698514574,-0.2539173494281581,0.0,0.017170692443012336,True
419,0.018707888323785726,0.1902564564983881,-0.21840761035650408,-0.2371154986802898,,,False
421,0.017131556929824626,0.16860453383458598,-0.1977186269824549,-0.21485018391227953,,,False
423,0.01848057039443854,0.18546801718582093,-0.2136376842222376,-0.23211825461667615,,,False
425,0.017786288322592214,0.15603207053347645,-0.18400257148623622,-0.20178885980882844,,,False
427,0.017354766610574113,0.22543599570354356,-0.2559492118375414,-0.2733039784481155,,,False
429,0.01681617015992365,0.16402267848191873,-0.19319680129308447,-0.21001297145300812,,,False
431,0.018091216565222612,0.1714670501253127,-0.19965130228305206,-0.21774251884827467,,,False
433,0.018871152166726413,0.2205834471894011,-0.24934229537892055,-0.26821344754564697,,,False
435,0.01783060567907868,0.1870876616541346,-0.21600903558528173,-0.2338396412643604,,,False
437,0.017103261649361517,0.16875666881489432,-0.19782432883698386,-0.21492759048634538,0.0,0.017103261649361517,True
439,0.017673456855233388,0.19988026136770393,-0.22921031298038558,-0.24688376983561897,,,False
441,0.017517989061343886,0.18505263587540224,-0.21421383990739362,-0.2317318289687375,,,False
443,0.017460751120062123,0.16319164303616135,-0.19172225102399298,-0.2091830021440551,,,False
445,0.01788504790428458,0.184312898675259,-0.21299755110454505,-0.23088259900882963,,,False
447,0.018067957713331,0.1744615932688859,-0.20267199309651923,-0.22073995080985023,,,False
449,0.017774869607948496,0.181563911206587,-0.21027423390539968,-0.22804910351334817,,,False
451,0.017900728764769086,0.18251612495524475,-0.21106358359219496,-0.22896431235696404,,,False
453,0.018023713873970698,0.1848438625134259,-0.21341488634764288,-0.23143860022161358,,,False
455,0.017236146838524924,0.1621597694235582,-0.19081823216944288,-0.2080543790079678,,,False
457,0.01830448954171146,0.1949268575008942,-0.2235005705930882,-0.24180506013479966,0.0,0.01830448954171146,True
459,0.017904730267335023,0.1815510071607582,-0.21003854972574132,-0.22794327999307634,,,False
461,0.017207948060031064,0.16738447798066547,-0.19614842170005753,-0.2133563697600886,,,False
463,0.017792852613080334,0.17771194772645835,-0.20623547688457505,-0.2240283294976554,,,False
465,0.017947116496598692,0.1826010816326524,-0.2111509413783258,-0.2290980578749245,,,False
467,0.0179538016046068,0.1889464060150369,-0.21766402642146437,-0.23561782802607117,,,False
469,0.01788145707483002,0.1841107551020402,-0.2127310468967748,-0.23061250397160482,,,False
471,0.01795900337570122,0.18432968134622213,-0.21290106908657297,-0.2308600724622742,,,False
473,0.018063131965628365,0.17653235087719243,-0.204757834412021,-0.22282096637764937,,,False
475,0.017910804806062858,0.18381553920515503,-0.21239502595336335,-0.2303058307594262,,,False
477,0.01783099792218651,0.18599111672037172,-0.21465598253232793,-0.23248698045451444,0.0,0.01783099792218651,True
479,0.018414879409834134,0.15210523558897188,-0.1792229285890285,-0.19763780799886263,,,False
481,0.01739803617138086,0.19828268850698116,-0.22782642481860094,-0.2452244609899818,,,False
483,0.01816452525361023,0.1761119155030427,-0.20420511834002092,-0.22236964359363115,,,False
485,0.017943562984843092,0.17743552273540938,-0.20582442038832383,-0.22376798337316692,,,False
487,0.01796527364303624,0.1920921646974574,-0.22073615002525393,-0.23870142366829017,,,False
489,0.01805139772287867,0.1873352456140344,-0.2158286934080143,-0.23388009113089298,,,False
491,0.017928971250746023,0.1923740082348725,-0.22112693337713163,-0.23905590462787765,,,False
493,0.017401052769423636,0.1758793458646611,-0.20473139401371154,-0.22213244678313518,,,False
495,0.01888189778732552,0.21479783601861757,-0.24329431895659676,-0.2621762167439223,,,False
497,0.018022155393245115,0.1801458761188679,-0.20848320116135688,-0.226505356554602,0.0,0.018022155393245115,True
499,0.018069688486096247,0.17330103616183265,-0.20130723150237106,-0.2193769199884673,,,False
501,0.01684973208139401,0.1467320547798059,-0.17512127158182306,-0.19197100366321707,,,False
503,0.018556268988542846,0.22398852058718177,-0.2529493591150543,-0.27150562810359713,,,False
505,0.017808875436209654,0.18885551235230852,-0.217568851254534,-0.23537772669074367,,,False
507,0.01794263882205513,0.18298582133906138,-0.2114095242221456,-0.22935216304420072,,,False
509,0.018029267857142928,0.18254700680272054,-0.210863486339183,-0.22889275419632593,,,False
511,0.017154149791144546,0.15029900716075859,-0.17849085406843562,-0.19564500385958017,,,False
513,0.018376421788399655,0.19236029359111992,-0.22066500778045034,-0.23904142956885,,,False
515,0.017622396620121827,0.1762798657357677,-0.2047223226756495,-0.22234471929577132,,,False
517,0.01729219448681235,0.22728823236663054,-0.25765958095747116,-0.2749517754442835,0.0,0.01729219448681235,True
519,0.017508325272705655,0.16569899570354385,-0.19398597549268448,-0.21149430076539014,,,False
521,0.017348398330946396,0.1748769287504469,-0.20363021318182972,-0.22097861151277612,,,False
523,0.017868021427378006,0.18507934192624345,-0.21357575709577153,-0.23144377852314954,,,False
525,0.01792889481203014,0.18470450984604303,-0.21312336217021627,-0.2310522569822464,,,False
527,0.01786591152106462,0.18579225241675568,-0.21430957285209612,-0.23217548437316074,,,False
529,0.01871244483231893,0.18090932975295315,-0.20851727762551603,-0.22722972245783496,,,False
531,0.017942153764769098,0.1841638188327957,-0.21254905094325616,-0.23049120470802525,,,False
533,0.017216379158610795,0.1609789355531676,-0.18948865744897214,-0.20670503660758294,,,False
535,0.01795169623642437,0.18284990726816966,-0.21123222709856215,-0.22918392333498652,,,False
537,0.01786543406552099,0.18547419763694886,-0.21401012338365993,-0.23187555744918092,0.0,0.01786543406552099,True
539,0.01795976184031514,0.1844670286430354,-0.21289088514994764,-0.23085064699026278,,,False
541,0.017197689088196688,0.16623895273898967,-0.1948652632093334,-0.21206295229753008,,,False
543,0.017761075123523123,0.18386222627998522,-0.21242354924858814,-0.23018462437211126,,,False
545,0.018316504603771377,0.16168243788041475,-0.18896493565211325,-0.20728144025588463,,,False
547,0.018449236506146383,0.17442548227712093,-0.20198764783920897,-0.22043688434535536,,,False
549,0.0179527168224132,0.18388695345506575,-0.21224582860612412,-0.23019854542853732,,,False
551,0.018366961396944853,0.1800480032223408,-0.20782944923918922,-0.22619641063613408,,,False
553,0.017962283616780123,0.18855057823129187,-0.2169854233708156,-0.23494770698759573,,,False
555,0.018307129016589152,0.16363406015037546,-0.19106739362648711,-0.20937452264307627,,,False
557,0.01827220113438363,0.19502365556748946,-0.22347169104268455,-0.24174389217706818,0.0,0.01827220113438363,True
559,0.017922053924692732,0.1856955925528098,-0.21415072062274892,-0.23207277454744166,,,False
561,0.017951815515574704,0.18494258718224077,-0.213345246736167,-0.2312970622517417,,,False
563,0.017799135538250466,0.1909200633727167,-0.21968534425857483,-0.2374844797968253,,,False
565,0.017700436029955913,0.2011071149301816,-0.2301468685616574,-0.2478473045916133,,,False
567,0.017957234551855883,0.18562723344074417,-0.21402380160200368,-0.23198103615385957,,,False
569,0.01727741768707486,0.18985068707482952,-0.21901495285881595,-0.2362923705458908,,,False
571,0.0177124928511756,0.19958445112781886,-0.22866168862653424,-0.24637418147770984,,,False
573,0.01656655589628836,0.13597113175796555,-0.16425656181774576,-0.18082311771403412,,,False
575,0.017070195826470985,0.1977343623344069,-0.2273976367858942,-0.24446783261236518,,,False
577,0.01799627756414851,0.24749260615825205,-0.27765786337993265,-0.29565414094408116,0.0,0.01799627756414851,True
579,0.018582987952022928,0.19222888148943684,-0.22015164271773474,-0.23873463066975767,,,False
581,0.017506677222818956,0.19410147869674108,-0.22323707665656206,-0.24074375387938102,,,False
583,0.017810548413295185,0.19130683924095912,-0.2200457040977053,-0.23785625251100048,,,False
585,0.017910830409953504,0.18350362656641528,-0.21185394031544286,-0.22976477072539636,,,False
587,0.01800783283088686,0.18235853598281357,-0.21057161045323453,-0.2285794432841214,,,False
589,0.01633611080379524,0.17995126029359063,-0.2097689087060574,-0.22610501950985265,,,False
591,0.017825058159088303,0.18613071715001733,-0.21462485943536563,-0.23244991759445394,,,False
593,0.01686888576799145,0.28976787862513376,-0.32349681134228736,-0.3403656971102788,,,False
595,0.018143648677049817,0.2101800626566413,-0.23848582123794815,-0.25662946991499797,,,False
597,0.014891422043203345,0.19898913927676137,-0.2279892226423309,-0.24288064468553425,0.0,0.014891422043203345,True
599,0.01957575816207191,0.46172424668814854,-0.4959209873525473,-0.5154967455146192,,,False
601,0.027399728430600328,-0.007731679914070437,-0.004593245786763078,-0.031992974217363405,,,False
603,0.015713812476429168,0.2098628227712127,-0.24018342219274658,-0.25589723466917574,,,False
605,0.017807550646258552,0.1709404557823129,-0.19831158207253052,-0.21611913271878908,,,False
607,0.017393781775271566,0.24442749015395673,-0.27522958439566103,-0.2926233661709326,,,False
609,0.020940077018737346,0.16681675080558644,-0.1903816635012578,-0.21132174051999514,,,False
611,0.010905535488721835,0.11327870569280288,-0.14318562554924755,-0.15409116103796938,,,False
613,0.018296612873254625,0.25567234658073573,-0.2860268683764192,-0.30432348124967384,,,False
615,0.016289468509965405,0.08559230648048825,-0.1129947702710905,-0.1292842387810559,,,False
617,0.017861448447905492,0.11287346079484294,-0.13841922457532843,-0.15628067302323392,0.0,0.017861448447905492,True
619,0.01563211403508777,0.15857275008950847,-0.18673797467622016,-0.20237008871130793,,,False
621,0.015081422188805427,0.1812251317579646,-0.21206925259154052,-0.22715067478034595,,,False
623,0.018793081147511687,0.09764536376655915,-0.12334922816539409,-0.14214230931290578,,,False
625,0.018647971919083406,0.15539332545649637,-0.18169557974860806,-0.20034355166769147,,,False
627,0.018236614616302667,-0.006137516290728339,-0.016234226957564497,-0.034470841573867164,,,False
629,0.016579328405537774,0.3318990991765127,-0.364717205832103,-0.38129653423764076,,,False
631,0.01664676122628006,0.2283352660221979,-0.2577514571620145,-0.27439821838829453,,,False
633,0.01761322207005611,0.05057174185463591,-0.07651450046321087,-0.09412772253326698,,,False
635,0.01674267311910735,0.1620258893662727,-0.1907078310584725,-0.20745050417757985,,,False
637,0.015430733799379454,0.1520800050125297,-0.18125000507500155,-0.196680738874381,0.0,0.015430733799379454,True
639,0.019276159615109256,0.12391811134980231,-0.1488290749257457,-0.16810523454085496,,,False
641,0.018953203837570154,0.16053775044754598,-0.18754458939326807,-0.20649779323083822,,,False
643,0.017684037757489002,0.14714250662370162,-0.17370749236049576,-0.19139153011798477,,,False
645,0.01983014531626698,0.28934394056570023,-0.31996641241969076,-0.33979655773595774,,,False
647,0.014875840242869143,0.30196344862155233,-0.33667165875895005,-0.3515474990018192,,,False
649,0.016236862760472703,0.38137373684210524,-0.41550575016837166,-0.43174261292884436,,,False
651,0.015038330656402976,0.12189356641603878,-0.15113229984193416,-0.16617063049833714,,,False
653,0.018213588331543185,0.21053561833154233,-0.24051949187145355,-0.25873308020299673,,,False
655,0.016319745574650935,0.18278571285356102,-0.2133228995285399,-0.22964264510319082,,,False
657,0.02160375637247891,0.27526361475116234,-0.3040101805338676,-0.3256139369063465,0.0,0.02160375637247891,True
659,0.015194063909774458,0.2429186863587537,-0.27550925930822956,-0.290703323218004,,,False
661,0.01946902832199554,0.18720978231292448,-0.21486677067175436,-0.2343357989937499,,,False
663,0.014402404576321776,0.08662345864661591,-0.11571200017426359,-0.13011440475058536,,,False
665,0.016010096211361763,0.1621932918009298,-0.191636885622392,-0.20764698183375377,,,False
667,0.018287427106456644,0.24069060902255518,-0.27015086026350255,-0.2884382873699592,,,False
669,0.015391951757966371,0.11869567597565306,-0.1468895595903176,-0.16228151134828397,,,False
671,0.01734910856844496,0.13127820515574687,-0.15981737917241068,-0.17716648774085564,,,False
673,0.01699611034968379,0.24205219656283591,-0.2720234854864342,-0.28901959583611797,,,False
675,0.016122581578947387,0.0822839377013949,-0.10918171000248614,-0.12530429158143352,,,False
677,0.015273820198711097,0.20160781417830184,-0.23288336046052532,-0.24815718065923642,0.0,0.015273820198711097,True
679,0.018445559396109423,0.19261545005370487,-0.21922368512445023,-0.23766924452055965,,,False
681,0.01673001240004774,0.017186944146078718,-0.04168643737225487,-0.05841644977230261,,,False
683,0.020936318431793832,0.2877945223773705,-0.3157572107875194,-0.3366935292193132,,,False
685,0.019179199445041234,0.1865133086287143,-0.21448990560141967,-0.2336691050464609,,,False
687,0.017183459854397898,0.26465934085213055,-0.29536337545789293,-0.3125468353122908,,,False
689,0.018698281667860195,0.3051516104547088,-0.3359442911470854,-0.3546425728149456,,,False
691,0.018882022935314546,0.2435038045112768,-0.27072014758295454,-0.2896021705182691,,,False
693,0.01742962723356012,0.27622655782312794,-0.307772201112815,-0.3252018283463751,,,False
695,0.017945183017663235,0.1479050483351233,-0.17410808029172908,-0.19205326330939232,,,False
697,0.01990239191789006,0.2626317150017894,-0.29158110035785095,-0.311483492275741,0.0,0.01990239191789006,True
699,0.014909363686597454,0.2746611639813823,-0.3084370372982194,-0.3233464009848169,,,False
701,0.01851507048633491,0.14966744396706066,-0.17602359168520104,-0.19453866217153595,,,False
703,0.015016043752834496,0.10943140136054372,-0.1374931948879995,-0.152509238640834,,,False
705,0.02231557830827069,0.13307228929466527,-0.15767134359154464,-0.17998692189981533,,,False
707,0.018769910454708216,0.20125433154314296,-0.22910718670218633,-0.24787709715689454,,,False
709,0.013030586710824799,0.3753052670963119,-0.41224178489581265,-0.42527237160663744,,,False
711,0.018367182059315035,0.1925139212316496,-0.22039164178316123,-0.23875882384247626,,,False
713,0.017927454054183167,0.1914234357321871,-0.21978959181868035,-0.23771704587286352,,,False
715,0.01860357116959066,0.1794251095596132,-0.2070425769839333,-0.22564614815352396,,,False
717,0.02065940021959667,0.40673326924453934,-0.438885328052225,-0.4595447282718217,0.0,0.02065940021959667,True
719,0.01714959158789836,0.140295131757966,-0.16783818230133798,-0.18498777388923635,,,False
721,0.01881553923320209,0.18779386788399335,-0.21467683567785584,-0.23349237491105793,,,False
723,0.017881544892588752,0.38099357608306383,-0.41268814322121916,-0.4305696881138079,,,False
725,0.017974806908939073,0.16099394271392692,-0.18827178399626554,-0.2062465909052046,,,False
727,0.018213033308867477,0.13515687683494373,-0.16071596252757597,-0.17892899583644345,,,False
729,0.018243397074233336,0.26628513354815553,-0.2964276514459671,-0.31467104852020045,,,False
731,0.017578099200978747,0.21696885499462887,-0.2463816048418726,-0.26395970404285135,,,False
733,0.021141049949278068,0.2509158413891871,-0.2776643329290975,-0.29880538287837555,,,False
735,0.017229401999641986,0.13402360257787332,-0.1605533676395318,-0.17778276963917378,,,False
737,0.01922057490631346,0.2249035044754731,-0.25203073758991923,-0.2712513124962327,0.0,0.01922057490631346,True
739,0.015909594993436027,0.18445856426781124,-0.213731329328828,-0.22964092432226402,,,False
741,0.013675698366750227,0.03682213354815658,-0.06222399061123357,-0.0758996889779838,,,False
743,0.016970061608187176,0.1869607883995686,-0.2161202963408403,-0.23309035794902747,,,False
745,0.021685151493018306,0.23862149516648717,-0.2669880636820103,-0.2886732151750286,,,False
747,0.019280436226280007,0.10283689867525855,-0.1271513850942589,-0.14643182132053892,,,False
749,0.017705914246926857,0.19969008199069105,-0.2283902156238647,-0.24609612987079155,,,False
751,0.015833525837212148,0.15194876799140689,-0.18107735188790314,-0.19691087772511529,,,False
753,0.018188467234156847,0.29870882563551665,-0.3300073604108478,-0.3481958276450047,,,False
755,0.01917269880654017,0.06453861331901069,-0.08787235851853159,-0.10704505732507176,,,False
757,0.018504774035684513,0.2084060927318297,-0.23837359732233532,-0.25687837135801983,0.0,0.018504774035684513,True
759,0.016625351803914612,0.20210807984246298,-0.23203612621202324,-0.24866147801593785,,,False
761,0.018844043027807622,0.16147820658789705,-0.18800879055815334,-0.20685283358596096,,,False
763,0.01996737711779456,0.26691014643752015,-0.29704765512276676,-0.3170150322405613,,,False
765,0.01562608433404941,0.16844993089867313,-0.1976517238755876,-0.21327780820963702,,,False
767,0.014176459995822926,0.12232947905477752,-0.1523238988858945,-0.16650035888171744,,,False
769,0.018195708644826364,0.1177537368421037,-0.1440897077912272,-0.16228541643605357,,,False
771,0.0195352021356964,0.17987791550304302,-0.2061555185474498,-0.2256907206831462,,,False
773,0.01767065218045112,0.02067317830289889,-0.04386817450766148,-0.0615388266881126,,,False
775,0.019287300717866107,0.09456062047977043,-0.11909137683068269,-0.1383786775485488,,,False
777,0.01795897511755587,0.1582051467955595,-0.18621824224430633,-0.2041772173618622,0.0,0.01795897511755587,True
779,0.019914863402554023,0.10041563766559126,-0.12401352117532843,-0.14392838457788246,,,False
781,0.01562751435612847,0.1288151392767634,-0.15837691673221055,-0.17400443108833902,,,False
783,0.019500735892111265,0.12445170605084074,-0.14990327844245907,-0.16940401433457034,,,False
785,0.012215141700680304,0.08407505442176755,-0.11331374760012128,-0.12552888930080158,,,False
787,0.017861207763456344,0.2963199602577866,-0.3284311051829402,-0.34629231294639656,,,False
789,0.02067002006385013,0.1056957647690645,-0.1290118747595285,-0.14968189482337863,,,False
791,0.017576477372001464,0.22138355424274936,-0.25066242079290396,-0.2682388981649054,,,False
793,0.0201501907148825,0.195328465091299,-0.2210182990727662,-0.2411684897876487,,,False
795,0.017584270433225968,0.2623684522019327,-0.29469876046555676,-0.31228303089878273,,,False
797,0.015746848542785574,0.2903125735767981,-0.3216493326752686,-0.33739618121805415,0.0,0.015746848542785574,True
799,0.016489831240601494,0.24373906086645267,-0.27387642134527906,-0.29036625258588056,,,False
801,0.03260154349803079,-0.008764308270676901,-0.000839821677587331,-0.03344136517561812,,,False
803,0.017153530559732705,0.12823910597923338,-0.154982666430919,-0.17213619699065172,,,False
805,0.017242411849266087,0.1902605288220538,-0.21952838751038956,-0.23677079935965564,,,False
807,0.017179632234753578,0.19108995739348292,-0.21979128455798208,-0.23697091679273566,,,False
809,0.019960944138322015,0.05345889795918271,-0.07604286668889695,-0.09600381082721897,,,False
811,0.019242866865377767,0.19253452846401586,-0.22003568562203524,-0.239278552487413,,,False
813,0.020587541084855082,0.1410942706766912,-0.1657389702541734,-0.18632651133902847,,,False
815,0.01767590849266029,0.162287818832796,-0.19006569990031763,-0.20774160839297792,,,False
817,0.018603661497195445,0.1820983358395981,-0.2094551517650517,-0.22805881326224714,0.0,0.018603661497195445,True
819,0.017750331975772776,0.14527194450411665,-0.17136833609909913,-0.1891186680748719,,,False
821,0.016511945058479555,0.13298810955961204,-0.1615747538676464,-0.17808669892612594,,,False
823,0.01806678501969211,0.3057006133190108,-0.3372739829133889,-0.355340767933081,,,False
825,0.018190605576441143,0.2375935571070532,-0.26755633890602565,-0.2857469444824668,,,False
827,0.020442206126626172,0.2674328814894383,-0.29646093976296073,-0.3169031458895869,,,False
829,0.018877693893662728,0.181441448621554,-0.20846536633470697,-0.2273430602283697,,,False
831,0.01943388898138204,0.1742877626208385,-0.20100644991087296,-0.220440338892255,,,False
833,0.01819252460078777,0.19712695596133098,-0.22533609790484965,-0.24352862250563742,,,False
835,0.015960048894856305,0.25099273254565,-0.28140186836881215,-0.29736191726366845,,,False
837,0.018720091418427065,0.24730450161117007,-0.2773411847889209,-0.29606127620734796,0.0,0.018720091418427065,True
839,0.01411943092254453,0.17367005836018448,-0.20548779754724422,-0.21960722846978875,,,False
841,0.014625194904523298,0.29497145614034925,-0.3284624340010873,-0.3430876289056106,,,False
843,0.020451588884711797,0.1874182205513768,-0.21412127011426257,-0.23457285899897437,,,False
845,0.01839167633727179,0.26050932402434573,-0.2890071804825383,-0.3073988568198101,,,False
847,0.02139871025062659,0.10739234514858399,-0.1321151902494504,-0.153513900500077,,,False
849,0.01672579617257433,0.1293070540637313,-0.15613944373487057,-0.1728652399074449,,,False
851,0.018087561288936654,0.1464135155746504,-0.17315279628025515,-0.1912403575691918,,,False
853,0.016021408631101602,0.1400321077694229,-0.16960984854007877,-0.18563125717118037,,,False
855,0.01837868251103955,0.14004457357679853,-0.16647511082073838,-0.18485379333177793,,,False
857,0.01617563675677293,0.06999445327604735,-0.09737968175494743,-0.11355531851172036,0.0,0.01617563675677293,True
859,0.0161700845351474,0.09167745578231279,-0.11876441400922438,-0.13493449854437178,,,False
861,0.021730563121494295,0.3732430490511986,-0.4055550338979068,-0.4272855970194011,,,False
863,0.016852508965867097,0.18581519405656904,-0.21360767843387013,-0.23046018739973723,,,False
865,0.021212631407089233,0.210842957393483,-0.23655417646741062,-0.25776680787449985,,,False
867,0.016683192978279082,0.20737780809165812,-0.2379058238002968,-0.25458901677857587,,,False
869,0.0167165769602578,0.22941143716433826,-0.2598881038769141,-0.2766046808371719,,,False
871,0.018783470426661952,0.25564058789831656,-0.2865004818207125,-0.3052839522473745,,,False
873,0.015626918146556867,0.19208942642319857,-0.2227252436371363,-0.23835216178369317,,,False
875,0.015583825797231166,0.20297530755460025,-0.23402664590696837,-0.24961047170419953,,,False
877,0.016157594823367982,0.15880082957393343,-0.18853016545874618,-0.20468776028211416,0.0,0.016157594823367982,True
879,0.017208205611051464,0.21966298818474703,-0.24809680764009817,-0.26530501325114964,,,False
881,0.015426554591836783,0.14959264625850294,-0.179215803425673,-0.1946423580175098,,,False
883,0.020075995593746343,0.22243003114930132,-0.24966220644749032,-0.26973820204123666,,,False
885,0.018371248179377075,0.14518574794128214,-0.17200958863233978,-0.19038083681171686,,,False
887,0.01610487595178428,0.24148926960257808,-0.27321489532058024,-0.2893197712723645,,,False
889,0.014472627558181184,0.11598211851056157,-0.1445804314392841,-0.15905305899746527,,,False
891,0.017002295991168426,0.11277082957393379,-0.13983641567058325,-0.15683871166175167,,,False
893,0.017786814004654483,0.22742621410669375,-0.25648909989743346,-0.27427591390208794,,,False
895,0.019364882544456452,0.37209666630862803,-0.40454433095295095,-0.4239092134974074,,,False
897,0.019369456201217383,0.2067267253848897,-0.2333477551510278,-0.2527172113522452,0.0,0.019369456201217383,True
899,0.018676285650435664,0.2937649291084843,-0.3246807383425918,-0.3433570239930275,,,False
901,0.017365589740422516,0.09504582814178344,-0.120506756961371,-0.13787234670179352,,,False
903,0.018037831236424495,0.23080345148585676,-0.2603452012806437,-0.2783830325170682,,,False
905,0.01736309266797953,0.20562574292875058,-0.23511087635488725,-0.2524739690228668,,,False
907,0.018282757778374598,0.19687241747225206,-0.22435448325035873,-0.24263724102873332,,,False
909,0.015540659109082255,0.14228402685284566,-0.1717075701211958,-0.18724822923027806,,,False
911,0.015537350306719211,0.2543706827783741,-0.2867670973236237,-0.3023044476303429,,,False
913,0.01845891050423687,0.3608540973863223,-0.3939436385350241,-0.412402549039261,,,False
915,0.017369946326530716,0.2488612108843522,-0.28096870251501876,-0.2983386488415495,,,False
917,0.017861848085093723,0.08452963086287171,-0.10991860687684021,-0.12778045496193394,0.0,0.017861848085093723,True
919,0.015513144499940346,0.07699293376297849,-0.1044103668230372,-0.11992351132297754,,,False
921,0.015591193727771874,0.10971943215180661,-0.13697633270705326,-0.15256752643482513,,,False
923,0.014562996388590599,0.29048427425707146,-0.32448127238302493,-0.33904426877161553,,,False
925,0.019488533670485864,0.3465485861081255,-0.3790798613065307,-0.39856839497701657,,,False
927,0.015417252851175567,0.10538742391693436,-0.13255009322518713,-0.1479673460763627,,,False
929,0.0206386348884115,0.2728267626208368,-0.302012040029361,-0.3226506749177725,,,False
931,0.016607123150137293,0.162220448263515,-0.19100388415594322,-0.2076110073060805,,,False
933,0.01635275759338828,0.2559120554958822,-0.28703120669959364,-0.3033839642929819,,,False
935,0.020402523221148106,0.12035456963838029,-0.1446336849832059,-0.165036208204354,,,False
937,0.01651033316087841,0.07328764983888335,-0.09980907339064704,-0.11631940655152545,0.0,0.01651033316087841,True
939,0.01844502073815496,0.20786434514858482,-0.23711521608798186,-0.2555602368261368,,,False
941,0.019089427867884035,0.16723576620121722,-0.195234624805682,-0.21432405267356602,,,False
943,0.02045806506504355,0.2974692391693514,-0.32683836883616496,-0.3472964339012085,,,False
945,0.018741299381787813,0.18260140350877188,-0.210642665915188,-0.2293839652969758,,,False
947,0.01780545538369732,0.19029945506623724,-0.21822307921610767,-0.236028534599805,,,False
949,0.01631284943847716,0.29496745793054,-0.3278136435564119,-0.34412649299488907,,,False
951,0.018221983899630034,0.2675662559971341,-0.2989323407347416,-0.31715432463437165,,,False
953,0.0150335945363409,0.17016252882205518,-0.19920043667994203,-0.21423403121628293,,,False
955,0.018169132116004294,0.17692635660579845,-0.20482904636879312,-0.22299817848479742,,,False
957,0.017375392315908927,0.19988591729323216,-0.22828841296497643,-0.24566380528088536,0.0,0.017375392315908927,True
959,0.018431741348012898,0.10263434872896565,-0.12806681565601757,-0.14649855700403047,,,False
961,0.0175152666189283,0.08630616684568541,-0.11138449181929944,-0.12889975843822774,,,False
963,0.01564394941222108,0.2054591027568912,-0.23532295380136092,-0.250966903213582,,,False
965,0.017308707742570734,0.09569513784461121,-0.1219659207815679,-0.13927462852413863,,,False
967,0.019488045044158075,0.36328049838882936,-0.39592394372311945,-0.41541198876727753,,,False
969,0.019295557525361107,0.23205493984962217,-0.26058974977975524,-0.27988530730511635,,,False
971,0.015700519452202022,0.3072485019692093,-0.3418499092522153,-0.35755042870441733,,,False
973,0.018696458428810125,0.3069365982814158,-0.33833957286192917,-0.3570360312907393,,,False
975,0.01603546226817043,0.15351693447905462,-0.18234909169133823,-0.19838455395950866,,,False
977,0.018745574763098294,0.22100480093089878,-0.24798218140132983,-0.2667277561644281,0.0,0.018745574763098294,True
979,0.019490533144169986,0.2454557633369145,-0.2754607440031738,-0.29495127714734376,,,False
981,0.018758051527031916,0.21952269244539863,-0.24653086848674483,-0.26528892001377674,,,False
983,0.018651896491228087,0.1582767461510918,-0.18653695850146484,-0.20518885499269293,,,False
985,0.016679003992719987,0.21475859935553185,-0.245500423159158,-0.262179427151878,,,False
987,0.01772549753252184,0.3187519155030434,-0.35152584078002147,-0.3692513383125433,,,False
989,0.01648666179556041,0.3029511808091645,-0.3383795039176528,-0.3548661657132132,,,False
991,0.01890987779985681,0.18304194987468542,-0.21117127045543588,-0.2300811482552927,,,False
993,0.0170376034443252,0.23751709881847477,-0.26848159551060585,-0.28551919895493105,,,False
995,0.015431869603174664,0.17356819047619043,-0.2035328009911836,-0.21896467059435826,,,False
997,0.017364024507697917,0.2440917622627995,-0.27641814334129283,-0.29378216784899075,0.0,0.017364024507697917,True
999,0.017041853800572937,0.24006609165771506,-0.27003900397669967,-0.2870808577772726,,,False
1001,0.031146061367108277,0.051870558181166586,-0.061651599510802804,-0.09279766087791108,,,False
1003,0.020451752516410127,0.19373479341210081,-0.21946420896025254,-0.23991596147666266,,,False
1005,0.016050727854159258,0.11586517794486219,-0.14335832892485928,-0.15940905677901854,,,False
1007,0.017213762892946682,0.27380124561403507,-0.30435532699911705,-0.32156908989206373,,,False
1009,0.01768713581572981,0.11335686143931148,-0.13964583661347688,-0.15733297242920669,,,False
1011,0.016362586534789364,0.1220065821697088,-0.14860424023210192,-0.16496682676689128,,,False
1013,0.02070206869733865,0.17712668528463968,-0.20244157214610475,-0.2231436408434434,,,False
1015,0.013997855495882644,0.1817758514142497,-0.2118248800546142,-0.22582273555049684,,,False
1017,0.0172327666624896,0.14338637021124173,-0.17197131579336555,-0.18920408245585515,0.0,0.0172327666624896,True
1019,0.018676945617615626,0.2870474035087713,-0.3159668245046566,-0.3346437701222722,,,False
1021,0.016383989322114878,0.15859349301825856,-0.18772383094600498,-0.20410782026811986,,,False
1023,0.01839653968373317,0.24493595059076168,-0.27475885279271656,-0.2931553924764497,,,False
1025,0.01612234523570838,0.21204808521303178,-0.24325852553121724,-0.2593808707669256,,,False
1027,0.018066885520945264,0.21281443967060465,-0.2405799385573143,-0.25864682407825956,,,False
1029,0.019495017481203053,0.0832343870390263,-0.10820834052569941,-0.12770335800690247,,,False
1031,0.016538896921470425,0.22725977085570864,-0.25897028324090016,-0.2755091801623706,,,False
1033,0.015564641904165233,0.2117186777658428,-0.24320307874886538,-0.2587677206530306,,,False
1035,0.019618559245733524,0.2700356211958462,-0.299604211814371,-0.31922277106010455,,,False
1037,0.018599293530254246,0.18643318080916507,-0.21372051037944934,-0.23231980390970358,0.0,0.018599293530254246,True
1039,0.01838489883339306,0.3181842975295375,-0.34937171636157405,-0.3677566151949671,,,False
1041,0.01878203396348027,0.2998647622628003,-0.3314832112931712,-0.3502652452566515,,,False
1043,0.01862456257608308,0.18447527533118477,-0.21255203332976125,-0.23117659590584433,,,False
1045,0.020202635856307494,0.2150705284640161,-0.24268665480048435,-0.26288929065679184,,,False
1047,0.017760812654851466,0.13617515037593889,-0.16373191972662623,-0.1814927323814777,,,False
1049,0.018590031315192768,0.19668417006802674,-0.22475977936093833,-0.2433498106761311,,,False
1051,0.017769013887695473,0.21714210383100538,-0.24734710856377157,-0.26511612245146704,,,False
1053,0.02174171759637189,0.26462961904761945,-0.2923211824495514,-0.3140629000459233,,,False
1055,0.018397869437880437,0.1695708703902609,-0.1977390255091961,-0.21613689494707652,,,False
1057,0.0191058479424753,0.19238057608306436,-0.22056605811913804,-0.23967190606161334,0.0,0.0191058479424753,True
1059,0.019291200436209605,0.18822014500537002,-0.21604991127865675,-0.23534111171486635,,,False
1061,0.01850850712972918,0.19338215574650874,-0.2221639263216988,-0.24067243345142797,,,False
1063,0.020708953817281328,0.2249456040100238,-0.25247422850666257,-0.2731831823239439,,,False
1065,0.01945402295560336,0.199436937343358,-0.2275334819950715,-0.24698750495067487,,,False
1067,0.01632155792755699,0.13635237056927968,-0.1653675912523323,-0.1816891491798893,,,False
1069,0.020589985729800753,0.22852171142141037,-0.25638627280287823,-0.276976258532679,,,False
1071,0.01966768221267462,0.20030210275689142,-0.22821683993242242,-0.24788452214509704,,,False
1073,0.017882557246091557,0.2918998553526659,-0.32409745112961397,-0.3419800083757055,,,False
1075,0.017835052175080607,0.12881869316147518,-0.15644767805480134,-0.17428273022988194,,,False
1077,0.020068664792338042,0.20854105298961667,-0.23661860567894927,-0.2566872704712873,0.0,0.020068664792338042,True
1079,0.019262378620360426,0.18894255245255948,-0.21692031122676436,-0.2361826898471248,,,False
1081,0.018980530702947862,0.18485318367346934,-0.2130650943566531,-0.23204562505960097,,,False
1083,0.01839544762262804,0.1175507973505181,-0.1443611102590902,-0.16275655788171825,,,False
1085,0.01916830789055976,0.19335611994271323,-0.2215831640004569,-0.24075147189101667,,,False
1087,0.019388929272586314,0.19209467275331124,-0.2199607022743516,-0.23934963154693792,,,False
1089,0.019685640279866412,0.2469086244181872,-0.2757494367892749,-0.2954350770691413,,,False
1091,0.020382061308031996,0.21097292910848495,-0.2390022642126332,-0.2593843255206652,,,False
1093,0.018802022497911464,0.16321422592194715,-0.1909105920870091,-0.20971261458492058,,,False
1095,0.019408550131877367,0.2873868055853909,-0.31835619997393655,-0.3377647501058139,,,False
1097,0.019968428506385083,0.20307628464017088,-0.23086580599126216,-0.25083423449764725,0.0,0.019968428506385083,True
1099,0.018400046158252775,0.1552232388113134,-0.18317292408903485,-0.20157297024728763,,,False
1101,0.019689667948442596,0.19875144468313571,-0.22671931096656212,-0.2464089789150047,,,False
1103,0.018890811562238985,0.2008041668456853,-0.2292942421926054,-0.2481850537548444,,,False
1105,0.01781115401300873,0.128510779806659,-0.15603929707739586,-0.1738504510904046,,,False
1107,0.020170361567609513,0.13529208736126005,-0.1605766451134262,-0.18074700668103572,,,False
1109,0.018629117883995794,0.2721860651629059,-0.30344700635634647,-0.32207612424034227,,,False
1111,0.020638317725862332,0.23542123093447875,-0.2632106782631963,-0.2838489959890586,,,False
1113,0.020932396254326413,0.3091145198711057,-0.33787282422838594,-0.35880522048271235,,,False
1115,0.019714201531805753,0.23100723630504727,-0.26000383790247156,-0.2797180394342773,,,False
1117,0.01807148368122702,0.3082346244181865,-0.3410761218179272,-0.3591476054991542,0.0,0.01807148368122702,True
1119,0.017509497172693678,0.10803284640171762,-0.13532698865916123,-0.1528364858318549,,,False
1121,0.01924746649958231,0.17152715538847035,-0.19932302974628274,-0.21857049624586505,,,False
1123,0.01906667970103837,0.18068970354457511,-0.20862838202561051,-0.22769506172664888,,,False
1125,0.017129173515335994,0.24605004332259128,-0.27765261337284763,-0.29478178688818363,,,False
1127,0.017619822918009342,0.20263459577515147,-0.2315240409112045,-0.24914386382921383,,,False
1129,0.020557620322234238,0.20444287039026005,-0.23261574099262378,-0.253173361314858,,,False
1131,0.017258486602816647,0.2815843440744705,-0.3144475937472446,-0.33170608035006127,,,False
1133,0.0212304250632534,0.12764668063014503,-0.15221449157978123,-0.17344491664303463,,,False
1135,0.019542904070294853,0.16167086394557792,-0.18842920732436697,-0.20797211139466182,,,False
1137,0.019738692917412703,0.20677900143215167,-0.23568066050749925,-0.25541935342491195,0.0,0.019738692917412703,True
1139,0.01829611914965995,0.23201021768707478,-0.2618262253257958,-0.28012234447545575,,,False
1141,0.01936990109261255,0.24470371822413134,-0.2748546637704292,-0.29422456486304177,,,False
1143,0.0193299031710229,0.2016685563909767,-0.23018790087539764,-0.24951780404642054,,,False
1145,0.0201250346986514,0.1916294826351585,-0.21908217852780804,-0.23920721322645944,,,False
1147,0.018891933731948973,0.2392585653419255,-0.26925279077323877,-0.28814472450518774,,,False
1149,0.017857783810717343,0.20949788936627245,-0.23815664165210487,-0.2560144254628222,,,False
1151,0.017851365816923287,0.13829053311851006,-0.1661739084068072,-0.1840252742237305,,,False
1153,0.018278087978279123,0.23876142033655484,-0.26897119959543847,-0.2872492875737176,,,False
1155,0.018972435574054203,0.21265730218403092,-0.24196069322426367,-0.26093312879831787,,,False
1157,0.01860213188865023,0.1375813404940916,-0.16500181500610875,-0.18360394689475898,0.0,0.01860213188865023,True
1159,0.018125233461630294,0.06610362047977107,-0.09192703646786701,-0.1100522699294973,,,False
1161,0.01962912498567851,0.19636112352309298,-0.22518857398053232,-0.24481769896621083,,,False
1163,0.01935285115347901,0.2247160010741129,-0.2539218848579603,-0.2732747360114393,,,False
1165,0.018534281176154743,0.19692938882921582,-0.22557640972277754,-0.24411069089893228,,,False
1167,0.017415640415920808,0.1845911414249906,-0.21473974754560216,-0.23215538796152296,,,False
1169,0.01900962463718825,0.2240227482993193,-0.2527638243022037,-0.2717734489393919,,,False
1171,0.019778567521183954,0.19350852774794072,-0.221608095963776,-0.24138666348495996,,,False
1173,0.01936358795142623,0.18414662728249093,-0.21239593306386573,-0.23175952101529196,,,False
1175,0.018695667496121254,0.1911904088793402,-0.21969915635164672,-0.23839482384776797,,,False
1177,0.01978954670485744,0.2034226093805939,-0.23185415999112302,-0.25164370669598046,0.0,0.01978954670485744,True
1179,0.0209799916708438,0.2519889835302534,-0.28051271750895945,-0.30149270917980325,,,False
1181,0.01976934018080917,0.19687488865019612,-0.22518862817062002,-0.2449579683514292,,,False
1183,0.018931051994868192,0.18647304511278154,-0.21520831435996735,-0.23413936635483554,,,False
1185,0.01809147189998811,0.14638272144647216,-0.17485252034378185,-0.19294399224376996,,,False
1187,0.017612397591001333,0.1278487665592539,-0.15628327824501467,-0.173895675836016,,,False
1189,0.019667063657954453,0.1287286899391328,-0.15628266465503896,-0.1759497283129934,,,False
1191,0.019327607903687816,0.21788946759756472,-0.24704554044565563,-0.26637314834934345,,,False
1193,0.01977239165950595,0.14506520121732833,-0.17237761914830646,-0.1921500108078124,,,False
1195,0.020016924573338202,0.21380039849623994,-0.2427705866313269,-0.2627875112046651,,,False
1197,0.018976250338345935,0.22208213533834514,-0.25124001529831075,-0.2702162656366567,0.0,0.018976250338345935,True
1199,0.01941738943489682,0.1943486469745788,-0.22246686662311654,-0.24188425605801336,,,False
1201,0.03220775595357442,0.07409352201933368,-0.08511374420222736,-0.11732150015580178,,,False
1203,0.017881264960615872,0.2422501747225202,-0.27319510118121987,-0.29107636614183574,,,False
1205,0.019947333802363076,0.156777425707124,-0.18321007862695932,-0.2031574124293224,,,False
1207,0.019414023169829375,0.1879224629430713,-0.21553894872835383,-0.2349529718981832,,,False
1209,0.019660745879579944,0.19178998675259504,-0.2194209710045169,-0.23908171688409685,,,False
1211,0.019715011146914957,0.19657559935553115,-0.2246453054493206,-0.24436031659623556,,,False
1213,0.01984146978756418,0.1968267744360895,-0.22483102866889504,-0.24467249845645922,,,False
1215,0.01990964094522024,0.19899650053705664,-0.22706286440916396,-0.2469725053543842,,,False
1217,0.019416896293710573,0.23384671929824488,-0.2634756591622269,-0.2828925554559375,0.0,0.019416896293710573,True
1219,0.019227725066237072,0.19919272717507974,-0.22799103908145352,-0.2472187641476906,,,False
1221,0.018763660735768017,0.2629621242391683,-0.29387961622144476,-0.3126432769572128,,,False
1223,0.01857085363647215,0.09674415073397695,-0.12335989737869515,-0.1419307510151673,,,False
1225,0.019571889451605262,0.2194744586466158,-0.24863097673046752,-0.2682028661820728,,,False
1227,0.01987477826291925,0.13400141854636577,-0.15962002760223828,-0.17949480586515754,,,False
1229,0.01990074820384302,0.19543594593626842,-0.2235788141227209,-0.24347956232656393,,,False
1231,0.019645405563909868,0.20648233440744618,-0.23506582365963374,-0.2547112292235436,,,False
1233,0.019477280030433253,0.19701111421410572,-0.22570741982625464,-0.2451846998566879,,,False
1235,0.019372112391693563,0.17621107232366573,-0.20439428197588555,-0.2237663943675791,,,False
1237,0.020223367108246848,0.17960558252774753,-0.20764905908049797,-0.22787242618874481,0.0,0.020223367108246848,True
1239,0.01914940110156349,0.19924917758682353,-0.22807216576997352,-0.247221566871537,,,False
1241,0.02020556348967667,0.23182805119942657,-0.26060312782121753,-0.2808086913108942,,,False
1243,0.019808999819190876,0.18764624740422423,-0.21581334309619488,-0.23562234291538575,,,False
1245,0.019274781995464868,0.20133359183673422,-0.230266954312571,-0.24954173630803586,,,False
1247,0.018542987637546304,0.23113499606158283,-0.2604268274696115,-0.2789698151071578,,,False
1249,0.01985022890201693,0.20689521840315023,-0.2356335542103003,-0.25548378311231723,,,False
1251,0.020038964140112303,0.2062339871106328,-0.23475653950862624,-0.25479550364873854,,,False
1253,0.01937836035505433,0.19922947081990638,-0.22743607542705002,-0.24681443578210435,,,False
1255,0.01765907762083785,0.10892605513784462,-0.13695829995328035,-0.1546173775741182,,,False
1257,0.019775007706170245,0.22207986931614662,-0.2513924916236833,-0.27116749932985357,0.0,0.019775007706170245,True
1259,0.019682448465807467,0.17081059720730332,-0.19870571057254066,-0.21838815903834813,,,False
1261,0.02028287878804161,0.19088181453634062,-0.21878120671606416,-0.23906408550410577,,,False
1263,0.017680295973863336,0.37725883172216057,-0.4133648911380151,-0.43104518711187845,,,False
1265,0.01984823872538488,0.1930784833512346,-0.22131347356855796,-0.24116171229394284,,,False
1267,0.019582780764411084,0.1869093397780159,-0.21509747586450206,-0.23468025662891315,,,False
1269,0.019896462226996092,0.21319047583243766,-0.24191366321376734,-0.26181012544076343,,,False
1271,0.020110383656761044,0.20437613390619322,-0.23289665158350492,-0.25300703524026597,,,False
1273,0.019868732056928018,0.21317242821339005,-0.24220593337201235,-0.26207466542894037,,,False
1275,0.019273512644707086,0.1920130601503753,-0.22044106595640534,-0.23971457860111242,,,False
1277,0.01956436472550424,0.19667626888650128,-0.2253132234664419,-0.24487758819194613,0.0,0.01956436472550424,True
1279,0.01907152456737088,0.2078239312567127,-0.2374540286086783,-0.2565255531760492,,,False
1281,0.019712765112185282,0.2029860085929101,-0.2318360628908735,-0.2515488280030588,,,False
1283,0.020017351475713097,0.21236906194056446,-0.24122933117376893,-0.26124668264948203,,,False
1285,0.018493605226757415,0.3146207278911551,-0.3479562456847741,-0.36644985091153154,,,False
1287,0.019386422707960427,0.19044308771929808,-0.21914055319463782,-0.23852697590259825,,,False
1289,0.019506487984246368,0.20441918009308926,-0.2332856802364548,-0.25279216822070116,,,False
1291,0.02109352012949045,0.25437522413175695,-0.2830113104618485,-0.30410483059133897,,,False
1293,0.01909755957632181,0.1728207783745068,-0.20119513766185515,-0.22029269723817696,,,False
1295,0.02035045960019105,0.2599802527747933,-0.28980302752714415,-0.3101534871273352,,,False
1297,0.022407066296694145,0.1800960379520218,-0.20602683299332647,-0.22843389929002061,0.0,0.022407066296694145,True
1299,0.024099592145840842,0.06616635266738316,-0.08843701167861051,-0.11253660382445135,,,False
1301,0.01450746484544696,0.09402746652345094,-0.12358799518598013,-0.1380954600314271,,,False
1303,0.018451036885069855,0.19291842749731428,-0.22112031206656885,-0.2395713489516387,,,False
1305,0.022300171147511705,0.19401890798424587,-0.2189387785858427,-0.2412389497333544,,,False
1307,0.023872489231411886,0.018494010025062436,-0.04142906662421028,-0.06530155585562217,,,False
1309,0.0162172815986395,0.224587197278911,-0.2555531174954279,-0.2717703990940674,,,False
1311,0.017817470501849952,0.27703034586466097,-0.31024962910460935,-0.3280670996064593,,,False
1313,0.02219730464017189,0.22912902613676894,-0.2609382349595474,-0.28313553959971927,,,False
1315,0.01927736094163987,0.1046031385606874,-0.13044336895468525,-0.14972072989632512,,,False
1317,0.01759908514202177,0.17433842642320083,-0.20402160729317936,-0.22162069243520113,0.0,0.01759908514202177,True
1319,0.020830995809762554,0.30024998603651865,-0.3330311827145016,-0.35386217852426416,,,False
1321,0.020099707735410144,0.34078984246330185,-0.37213341119383525,-0.3922331189292454,,,False
1323,0.021209934548872267,0.2899591732903678,-0.3211138090360054,-0.34232374358487766,,,False
1325,0.020726989599594237,0.21934837952022834,-0.24739822687923446,-0.2681252164788287,,,False
1327,0.017718114228428283,0.1760351403508764,-0.2051499428027424,-0.22286805703117069,,,False
1329,0.016652912940685105,0.1964781672037229,-0.2273699095828371,-0.2440228225235222,,,False
1331,0.015927708737319496,0.14433916612960976,-0.17330752485259082,-0.18923523358991032,,,False
1333,0.019737017298006976,0.31793247475832537,-0.350549735174828,-0.370286752472835,,,False
1335,0.02048739236782432,0.27447810132473965,-0.30667597428349436,-0.3271633666513187,,,False
1337,0.017393871273421735,0.18483287218045058,-0.21536675059847837,-0.2327606218719001,0.0,0.017393871273421735,True
1339,0.016810299489199293,0.18376146688148906,-0.2151482470096816,-0.2319585464988809,,,False
1341,0.023061094810239935,0.19782225742928733,-0.22414501409648752,-0.24720610890672745,,,False
1343,0.016065905985797935,0.1593576709631222,-0.19111857624323314,-0.20718448222903108,,,False
1345,0.01667738994331075,0.29101961224489714,-0.3254585705531828,-0.34213596049649353,,,False
1347,0.019463341804511314,0.315076266022198,-0.347145831923525,-0.3666091737280363,,,False
1349,0.017131996777658476,0.23571592875044653,-0.26767203185542116,-0.28480402863307963,,,False
1351,0.021764064788160897,0.14874740959541738,-0.17498456982570387,-0.19674863461386477,,,False
1353,0.017239264762501497,0.06127492767633399,-0.08800442224950195,-0.10524368701200344,,,False
1355,0.015966029584079278,0.22377061367704845,-0.2566748815318655,-0.2726409111159448,,,False
1357,0.019595982125551997,0.09560879126387312,-0.12148390025094219,-0.1410798823764942,0.0,0.019595982125551997,True
1359,0.017604164829335356,0.21819122198352928,-0.24823604708861974,-0.2658402119179551,,,False
1361,0.020643135673708096,0.10540226494808463,-0.13009033163429873,-0.15073346730800682,,,False
1363,0.017469812868480816,0.35905839455782235,-0.39489909176506033,-0.41236890463354114,,,False
1365,0.02115899854815617,0.3515620927318292,-0.3837864858779265,-0.4049454844260827,,,False
1367,0.02100911159267227,0.28390738990333036,-0.3175021445755967,-0.338511256168269,,,False
1369,0.018239352283685423,0.19361269351951274,-0.22285129643442075,-0.24109064871810618,,,False
1371,0.018115232426900635,0.10632939706408723,-0.13269683185917344,-0.15081206428607408,,,False
1373,0.018041302404224913,0.2989730025062642,-0.33124954920652055,-0.34929085161074547,,,False
1375,0.020702490107411486,0.2615168116720375,-0.2915168699933515,-0.312219360100763,,,False
1377,0.019885585807972395,0.20368020981023904,-0.23286397674665,-0.2527495625546224,0.0,0.019885585807972395,True
1379,0.020649976606397002,0.2154071618331537,-0.24435242348049985,-0.26500240008689685,,,False
1381,0.019825577658431848,0.21974220622985974,-0.24961242714857512,-0.26943800480700697,,,False
1383,0.020574652131519378,0.2105950952380945,-0.23950773000771347,-0.26008238213923285,,,False
1385,0.020877206730516795,0.21591113211600343,-0.244675369762345,-0.2655525764928618,,,False
1387,0.019796821533595965,0.2124362370211237,-0.24167326137016054,-0.2614700829037565,,,False
1389,0.019962985048335158,0.25920171321159946,-0.29024547348342544,-0.3102084585317606,,,False
1391,0.019964173558300602,0.25148728499820894,-0.2822870510936983,-0.3022512246519989,,,False
1393,0.019950534302422773,0.22182373003938327,-0.25174210137894215,-0.2716926356813649,,,False
1395,0.02081337382444215,0.21750687218045073,-0.24645491028411126,-0.2672682841085534,,,False
1397,0.020540061824203426,0.2048352262799849,-0.23374226660454694,-0.25428232842875037,0.0,0.020540061824203426,True
1399,0.02065305720014321,0.2053796759756528,-0.2342156272257459,-0.2548686844258891,,,False
1401,0.03305280230457097,0.09173474042248451,-0.10366765261832411,-0.13672045492289508,,,False
1403,0.020537237781358242,0.20756623952738937,-0.23517105728235604,-0.2557082950637143,,,False
1405,0.01939622696264473,0.17216145399212252,-0.1999100464930842,-0.21930627345572892,,,False
1407,0.020765690650435653,0.21313359577515148,-0.2413866550876535,-0.26215234573808915,,,False
1409,0.020351344479054845,0.1536845671321151,-0.18011167600652106,-0.2004630204855759,,,False
1411,0.020757092263993304,0.2067913931256706,-0.23506112546670394,-0.25581821773069724,,,False
1413,0.02037421096312214,0.20616791586108055,-0.23488778532674265,-0.2552619962898648,,,False
1415,0.020737290947010434,0.21009209989258792,-0.2386384104723624,-0.25937570141937283,,,False
1417,0.020273467477025908,0.22851964160400925,-0.258095839187473,-0.2783693066644989,0.0,0.020273467477025908,True
1419,0.020154927597565375,0.2311646444683133,-0.2609369418514111,-0.28109186944897646,,,False
1421,0.019412900297171562,0.07627902363050386,-0.10227998909061764,-0.1216928893877892,,,False
1423,0.020210221943549433,0.20051996562835608,-0.22938649303356334,-0.24959671497711278,,,False
1425,0.020421915115168887,0.22218864017185735,-0.25159065234511624,-0.2720125674602851,,,False
1427,0.02033838310597924,0.19674826960257713,-0.22551396102845683,-0.24585234413443607,,,False
1429,0.019610099742212728,0.2556558152524157,-0.2869107712884458,-0.3065208710306585,,,False
1431,0.020262247635756125,0.21343294772645843,-0.24233332295057514,-0.26259557058633126,,,False
1433,0.018843261533596,0.2801289308986744,-0.3126186636177521,-0.3314619251513481,,,False
1435,0.020323929106098648,0.26010441568206155,-0.29056006070956536,-0.310883989815664,,,False
1437,0.020138004423558953,0.20825291228070109,-0.23743153171115716,-0.2575695361347161,0.0,0.020138004423558953,True
1439,0.02058250836794373,0.21739670318653742,-0.24674390269403185,-0.2673264110619756,,,False
1441,0.020789524025540074,0.2140598868600064,-0.24305615757599064,-0.2638456816015307,,,False
1443,0.019433357569519083,0.23724985320443864,-0.26848630196120193,-0.287919659530721,,,False
1445,0.020282223250984666,0.20705101467955547,-0.2363540508080424,-0.25663627405902706,,,False
1447,0.021549841048454532,0.24933556677407684,-0.2787549101275132,-0.3003047511759677,,,False
1449,0.02022942356307439,0.19073207375581747,-0.2196662165582421,-0.23989564012131648,,,False
1451,0.02022495460317464,0.23052190476190443,-0.2601808815110201,-0.28040583611419473,,,False
1453,0.020929232251462038,0.2204131704260648,-0.24937489004647645,-0.2703041222979385,,,False
1455,0.021080548380475073,0.22757227962763985,-0.2572117732612388,-0.27829232164171386,,,False
1457,0.02134290426363533,0.2311067712137481,-0.2604657039830113,-0.2818086082466466,0.0,0.02134290426363533,True
1459,0.020225935482157842,0.18626826315789383,-0.21443230155138243,-0.23465823703354027,,,False
1461,0.017670250901658913,0.0772236917293221,-0.10401329210109653,-0.12168354300275544,,,False
1463,0.018658788857858988,0.22540415538847106,-0.2569762540617529,-0.2756350429196119,,,False
1465,0.020440645941639857,0.23208153992123073,-0.2620915853250925,-0.2825322312667324,,,False
1467,0.02028751299140713,0.23449183601861773,-0.2648127546642704,-0.28510026765567753,,,False
1469,0.019965474360305602,0.19816813641245942,-0.22775894780892553,-0.24772442216923113,,,False
1471,0.020228751781835586,0.19878204153240187,-0.22809228354634098,-0.24832103532817656,,,False
1473,0.020109652461510974,0.21047163766559154,-0.2403157020288797,-0.26042535449039067,,,False
1475,0.018585083427616722,0.22384426673827387,-0.25511299163623374,-0.27369807506385047,,,False
1477,0.018704355804988693,0.10921738775510122,-0.1373487317508563,-0.156053087555845,0.0,0.018704355804988693,True
1479,0.02090525380952385,0.23194025170067933,-0.2617087328794685,-0.28261398668899235,,,False
1481,0.020384076604010065,0.19319768242033597,-0.2223081163691874,-0.24269219297319747,,,False
1483,0.021376257207304017,0.2747218557107044,-0.30537281987478526,-0.3267490770820893,,,False
1485,0.019909302514619975,0.2307465409953451,-0.26095138907991144,-0.2808606915945314,,,False
1487,0.01942017015753672,0.2636808181167205,-0.2958967301670786,-0.31531690032461535,,,False
1489,0.020871256551497908,0.22418949588256293,-0.25403069609267814,-0.27490195264417605,,,False
1491,0.020779029955842077,0.20986735195130599,-0.2391875683337778,-0.2599665982896199,,,False
1493,0.01977224914488604,0.17653476226279916,-0.204772481725415,-0.22454473087030105,,,False
1495,0.0206616337146438,0.25546040422484695,-0.2863140898159368,-0.3069757235305806,,,False
1497,0.019262180519751787,0.12336213533834484,-0.15144105862729001,-0.1707032391470418,0.0,0.019262180519751787,True
1499,0.018565423352428834,0.2853597876834933,-0.3194457506305401,-0.3380111739829689,,,False
1501,0.01681656954529198,0.3351075528105968,-0.37220042781728124,-0.3890169973625732,,,False
1503,0.02181173783506385,0.24973226100966547,-0.27847567320656125,-0.3002874110416251,,,False
1505,0.01895214204200979,0.25114212065878944,-0.2832173872513702,-0.30216952929338,,,False
1507,0.01896091044158016,0.1741899430719652,-0.20396066519849798,-0.22292157564007814,,,False
1509,0.020833907002625718,0.22929203007518728,-0.2588446821938553,-0.27967858919648103,,,False
1511,0.0205281680242273,0.20243167454350092,-0.23151471688506264,-0.25204288490928994,,,False
1513,0.020267115076381487,0.18979704869315991,-0.21918847772628625,-0.23945559280266773,,,False
1515,0.019827726350996555,0.23004389187253863,-0.26044702510030093,-0.2802747514512975,,,False
1517,0.01853442176930431,0.25594756713211453,-0.28903070472288783,-0.30756512649219214,0.0,0.01853442176930431,True
1519,0.02015115582110044,0.21579839419978433,-0.24552081044739976,-0.2656719662685002,,,False
1521,0.021643110112185254,0.07200623988542774,-0.09650517885960888,-0.11814828897179414,,,False
1523,0.019879781000119445,0.2596712957393473,-0.2911690059079237,-0.31104878690804316,,,False
1525,0.021334262419739874,0.1472908023630504,-0.17444170067368625,-0.19577596309342613,,,False
1527,0.022283911375462484,0.08608230755460103,-0.11004663986366298,-0.13233055123912546,,,False
1529,0.018735496470939278,0.11983853168635776,-0.14830723915967461,-0.1670427356306139,,,False
1531,0.021268864825158162,0.22495778267096275,-0.25456567718843576,-0.2758345420135939,,,False
1533,0.020304944453992113,0.18854872037235884,-0.21780746967414766,-0.23811241412813977,,,False
1535,0.020664374470103913,0.19207367919799445,-0.22140080349930336,-0.24206517796940727,,,False
1537,0.019973722144647377,0.23556636126029268,-0.2664819860706263,-0.28645570821527366,0.0,0.019973722144647377,True
1539,0.020154012025898116,0.2639774815610447,-0.2955447270097652,-0.3156987390356633,,,False
1541,0.019033273321995503,0.10153166666666578,-0.12965776749408073,-0.14869104081607623,,,False
1543,0.0205199893519514,0.18586446867167883,-0.21521954421557637,-0.23573953356752778,,,False
1545,0.021372378778493906,0.2219410057286063,-0.2516471385208132,-0.2730195172993071,,,False
1547,0.020812836075904062,0.22993149838882843,-0.2604592117119756,-0.2812720477878797,,,False
1549,0.019776208432987274,0.1180984457572495,-0.14635130697501314,-0.16612751540800041,,,False
1551,0.018231348126864888,0.34395531650554795,-0.38050864141827745,-0.39873998954514234,,,False
1553,0.01992620531208983,0.22156578696741733,-0.25226036599530055,-0.2721865713073904,,,False
1555,0.021130344348371022,0.21113583458646548,-0.24083407482497454,-0.26196441917334556,,,False
1557,0.02109647454230823,0.3139677103472961,-0.34625083440099824,-0.36734730894330647,0.0,0.02109647454230823,True
1559,0.019063295098460553,0.29613320945220195,-0.33039410804943925,-0.3494574031478998,,,False
1561,0.02298669469626452,0.12430723451485783,-0.15141565117947506,-0.17440234587573958,,,False
1563,0.0174799294796516,0.28978352882205505,-0.3257488297990032,-0.3432287592786548,,,False
1565,0.020577266294307228,0.11561730003580395,-0.142581122503607,-0.16315838879791422,,,False
1567,0.023055467937701468,0.2681622975295378,-0.2976354922434518,-0.3206909601811533,,,False
1569,0.0204908439646736,0.2288884543501605,-0.2597762598784591,-0.2802671038431327,,,False
1571,0.021303742706170192,0.1470511278195485,-0.17472645868592873,-0.19603020139209892,,,False
1573,0.02290178552810601,0.2916711568206225,-0.322129361707048,-0.345031147235154,,,False
1575,0.020634584909297093,0.19720732653061182,-0.22702755774314243,-0.24766214265243952,,,False
1577,0.020452568383458714,0.20931188399570322,-0.239273938678135,-0.2597265070615937,0.0,0.020452568383458714,True
1579,0.020494489491586165,0.2247434837092726,-0.255670485199892,-0.27616497469147816,,,False
1581,0.020642856742451476,0.22393056319369836,-0.2547335298494799,-0.27537638659193137,,,False
1583,0.02057854949815019,0.22951793304690205,-0.2601034931046543,-0.2806820426028045,,,False
1585,0.02022890417054546,0.21686209452201885,-0.24681131616010693,-0.2670402203306524,,,False
1587,0.02152987806062784,0.20183868456856366,-0.23143847410523238,-0.2529683521658602,,,False
1589,0.02077161471953698,0.2357677268170422,-0.2672603649390995,-0.28803197965863647,,,False
1591,0.02151992729203972,0.22494869459362618,-0.25491633544503456,-0.2764362627370743,,,False
1593,0.021732826015037676,0.2739080930898666,-0.30493693685770895,-0.3266697628727466,,,False
1595,0.02034440386501979,0.23315830791263806,-0.26446524623977163,-0.2848096501047914,,,False
1597,0.01856634079902153,0.3358852742570701,-0.36862314430045195,-0.3871894850994735,0.0,0.01856634079902153,True
1599,0.02210919729681346,0.16512016362334403,-0.19219855882802794,-0.2143077561248414,,,False
1601,0.03329853079484427,0.10201699140708857,-0.11430108490630875,-0.14759961570115301,,,False
1603,0.021510690329991672,0.132871950590763,-0.15931717475892196,-0.18082786508891363,,,False
1605,0.021053083501014425,0.20471311242391646,-0.2339143566197483,-0.2549674401207627,,,False
1607,0.02050352413593509,0.15789164983888246,-0.1863508461011768,-0.2068543702371119,,,False
1609,0.020523256873731965,0.2051708560687424,-0.23483035727216023,-0.2553536141458922,,,False
1611,0.021067507327246715,0.20373529144289235,-0.23311790458856868,-0.2541854119158154,,,False
1613,0.017648521222699665,0.16854267275331092,-0.19987242581704517,-0.21752094703974484,,,False
1615,0.019657283605442194,0.17956007482993228,-0.20919460334779627,-0.22885188695323846,,,False
1617,0.020873805581214988,0.2224450193340487,-0.2523824163040788,-0.2732562218852938,0.0,0.020873805581214988,True
1619,0.02163055952679316,0.22902610776942264,-0.2589109847008133,-0.28054154422760647,,,False
1621,0.02243937054600792,0.26691790547797967,-0.2971112831892793,-0.31955065373528724,,,False
1623,0.020614681732903817,0.28465921697099833,-0.3181629571563108,-0.33877763888921464,,,False
1625,0.021250065578231336,0.31892438095238096,-0.3520584252262857,-0.37330849080451706,,,False
1627,0.019873324152046817,0.19580305084138908,-0.22660797387478182,-0.24648129802682864,,,False
1629,0.021028499430719716,0.19072706480486842,-0.2196871834989722,-0.24071568292969192,,,False
1631,0.01955393976011463,0.17072776118868488,-0.20063459823043278,-0.2201885379905474,,,False
1633,0.02116087295679686,0.2622704661654126,-0.2933037084206048,-0.3144645813774017,,,False
1635,0.021191066839121697,0.22672869709989196,-0.257324795726618,-0.2785158625657397,,,False
1637,0.01815832156522268,0.23312150590762548,-0.26806500416692947,-0.28622332573215215,0.0,0.01815832156522268,True
1639,0.021742774623463468,0.17907852738990274,-0.20775418364244191,-0.22949695826590538,,,False
1641,0.021082768049289935,0.2169140655209449,-0.2473630864632328,-0.26844585451252273,,,False
1643,0.021534041268051196,0.31039960472610056,-0.34333941054271927,-0.36487345181077047,,,False
1645,0.02054799954529185,0.19587932832080052,-0.2256809367536483,-0.24622893629894016,,,False
1647,0.021726372249075143,0.28086239849624,-0.3119325660996534,-0.33365893834872856,,,False
1649,0.018701192676333744,0.13031662835660476,-0.160289091650725,-0.17899028432705874,,,False
1651,0.018584746972192423,0.18970329001074024,-0.22119821533490563,-0.23978296230709806,,,False
1653,0.021934342514023264,0.20165090583601805,-0.23219556455677703,-0.2541299070708003,,,False
1655,0.021696116661892834,0.18784974185463646,-0.21700640683896666,-0.2387025235008595,,,False
1657,0.020142650598520107,0.21176290834228345,-0.24284584664505393,-0.26298849724357404,0.0,0.020142650598520107,True
1659,0.020077368221148195,0.2437382090941631,-0.27618046604218593,-0.29625783426333413,,,False
1661,0.02137750014202172,0.22184756247762188,-0.25230870700391334,-0.27368620714593506,,,False
1663,0.01876287056629672,0.24218552130325696,-0.27591793558012984,-0.29468080614642655,,,False
1665,0.021541006014440867,0.21623994092373736,-0.24655198820967722,-0.2680929942241181,,,False
1667,0.023035991447666826,0.20580424346580667,-0.23561532326258144,-0.25865131471024827,,,False
1669,0.023049823521900048,0.30062090762620836,-0.3323594102303866,-0.35540923375228667,,,False
1671,0.021199487700799657,0.11924920730397344,-0.1469786485986587,-0.16817813629945835,,,False
1673,0.022531658597088056,0.20793698532044294,-0.2370454511664865,-0.25957710976357457,,,False
1675,0.020435870053705785,0.25187917794486103,-0.2848206360055928,-0.3052565060592986,,,False
1677,0.02122171643752241,0.25721654099534474,-0.2880608212305234,-0.3092825376680458,0.0,0.02122171643752241,True
1679,0.019592294338823257,0.13012533190118092,-0.15988424308707133,-0.1794765374258946,,,False
1681,0.018206193765365808,0.22864768528463947,-0.2621982583794515,-0.2804044521448173,,,False
1683,0.02086519210645668,0.1967676022198349,-0.22710603965689108,-0.24797123176334776,,,False
1685,0.020885762694832388,0.21601651557465035,-0.24707188577947953,-0.2679576484743119,,,False
1687,0.019826710029836492,0.23150226817042563,-0.263520480392019,-0.28334719042185547,,,False
1689,0.022034277693042226,0.23231578696741767,-0.26300680886264777,-0.28504108655569,,,False
1691,0.020510929345984086,0.20568682456140325,-0.23611728203607063,-0.2566282113820547,,,False
1693,0.017085908768946168,0.23696724453992085,-0.27256511804376765,-0.2896510268127138,,,False
1695,0.02032389591060993,0.1668935796634436,-0.19702832146313132,-0.21735221737374125,,,False
1697,0.021254474016589087,0.2503888968850692,-0.2817146053959157,-0.3029690794125048,0.0,0.021254474016589087,True
1699,0.020356870032223473,0.12860849588256243,-0.15830628807892255,-0.17866315811114603,,,False
1701,0.018817405438596557,0.20349854278553464,-0.23444252307654062,-0.2532599285151372,,,False
1703,0.01748897580737563,0.26275258145363295,-0.29887390380420936,-0.316362879611585,,,False
1705,0.019793646617138116,0.18454148585749938,-0.21499770066201773,-0.23479134727915585,,,False
1707,0.0211985057303975,0.2121450540637298,-0.24290354548286902,-0.2641020512132665,,,False
1709,0.023047907354696362,0.237454835302541,-0.2677245418857239,-0.2907724492404203,,,False
1711,0.02140258897481806,0.2182553200859284,-0.2486330341214149,-0.27003562309623297,,,False
1713,0.02217381293412113,0.28034454099534484,-0.31308129813485,-0.3352551110689711,,,False
1715,0.02090780828499822,0.21779352488363676,-0.24859600826351147,-0.2695038165485097,,,False
1717,0.021788786095596174,0.1978931389187248,-0.22763094324418198,-0.24941972933977816,0.0,0.021788786095596174,True
1719,0.020158100547201352,0.1652688288578583,-0.19533812994081357,-0.21549623048801492,,,False
1721,0.019974698546365965,0.14947722126745336,-0.17982148323542113,-0.1997961817817871,,,False
1723,0.02235281979830539,0.2254650712495513,-0.2557222415134338,-0.2780750613117392,,,False
1725,0.02201714845208269,0.21271304976727434,-0.24375364060057458,-0.2657707890526573,,,False
1727,0.02074059299319736,0.24503331292516953,-0.27722691473171374,-0.2979675077249111,,,False
1729,0.02392687249313763,0.2678301650554954,-0.29970444630642484,-0.3236313187995625,,,False
1731,0.02190575311314008,0.2658402180451122,-0.2974837443328436,-0.31938949744598366,,,False
1733,0.02220107389783993,0.23224002398854193,-0.26299628445223755,-0.2851973583500775,,,False
1735,0.02148920899868728,0.2635277060508404,-0.29604990731805053,-0.3175391163167378,,,False
1737,0.02205616377491354,0.2293980791263867,-0.2603574116122119,-0.2824135753871254,0.0,0.02205616377491354,True
1739,0.022165308319608612,0.22485347296813402,-0.25573224761170715,-0.27789755593131577,,,False
1741,0.021521300155149747,0.20872696455424228,-0.23907925247645934,-0.2606005526316091,,,False
1743,0.0185658069656284,0.09163957536698698,-0.12205717566271335,-0.14062298262834175,,,False
1745,0.021874240222580332,0.24856861510920097,-0.2804303071766309,-0.30230454739921125,,,False
1747,0.021581491791383356,0.2632563673469378,-0.2958472288500397,-0.3174287206414231,,,False
1749,0.020019595003580443,0.16226758646616485,-0.19339713636880496,-0.2134167313723854,,,False
1751,0.02168842803198484,0.25657057107053255,-0.2888371984437262,-0.310525626475711,,,False
1753,0.021362842558181327,0.2326412681704257,-0.2639477801105087,-0.28531062266869,,,False
1755,0.02231000391454835,0.2366521009667017,-0.26779651952983374,-0.2901065234443821,,,False
1757,0.02218410172216262,0.2251457568922298,-0.25607945963181233,-0.27826356135397495,0.0,0.02218410172216262,True
1759,0.01966778779806666,0.15270803079126266,-0.18401178071048208,-0.20367956850854874,,,False
1761,0.021787162463301202,0.2653472302184028,-0.2978756681561199,-0.3196628306194211,,,False
1763,0.020975632086764617,0.23637127461510854,-0.2683709720467662,-0.2893466041335308,,,False
1765,0.022150577092135137,0.23139007268170347,-0.2625650417083623,-0.28471561880049745,,,False
1767,0.022084830236305086,0.24833252309344772,-0.27960809992022967,-0.30169293015653476,,,False
1769,0.022299924804869364,0.23484956140350807,-0.26609625568007444,-0.2883961804849438,,,False
1771,0.02151083754564992,0.2182765896885064,-0.24996373942828076,-0.2714745769739307,,,False
1773,0.02243274798663336,0.2488687207303966,-0.28048767056813434,-0.3029204185547677,,,False
1775,0.021454859599594256,0.23904076727533036,-0.2710872615515201,-0.29254212115111433,,,False
1777,0.02189798061701881,0.22348597923379807,-0.25463876695046106,-0.27653674756747987,0.0,0.02189798061701881,True
1779,0.022090418354815677,0.2411359609738624,-0.2726992907526286,-0.2947897091074443,,,False
1781,0.02205091539921239,0.2298402413175788,-0.26125053964200556,-0.28330145504121795,,,False
1783,0.018802146200023906,0.32860504010025005,-0.36558580173492317,-0.38438794793494707,,,False
1785,0.021004787462107655,0.2035065721446466,-0.23520247168699387,-0.25620725914910153,,,False
1787,0.02386518051617137,0.32310321553884647,-0.3566122836884441,-0.3804774642046155,,,False
1789,0.022493164741019256,0.1697792320085935,-0.19786892082050545,-0.2203620855615247,,,False
1791,0.020979652883995725,0.2099227454350161,-0.24068816918785824,-0.26166782207185396,,,False
1793,0.022277060835421914,0.22391364482635048,-0.25504689270184633,-0.27732395353726824,,,False
1795,0.020646702926960303,0.24620004153240213,-0.2796336253212801,-0.3002803282482404,,,False
1797,0.021202299243943235,0.20352534837092598,-0.23511732487823273,-0.25631962412217596,0.0,0.021202299243943235,True
1799,0.020508726851653003,0.22949111027568825,-0.2626325996658658,-0.2831413265175188,,,False
1801,0.034634147750924965,0.1838185062656645,-0.19876864011108097,-0.23340278786200594,,,False
1803,0.020628572207304074,0.28233998496240403,-0.31551071084274335,-0.3361392830500474,,,False
1805,0.02230204929048818,0.23286640100250536,-0.2635350436729916,-0.28583709296347976,,,False
1807,0.022467201475713128,0.2280682388113132,-0.25853887454066726,-0.2810060760163804,,,False
1809,0.02218650151271051,0.2738997343358386,-0.30617619940360363,-0.32836270091631414,,,False
1811,0.02004472573338112,0.2230972638739692,-0.25536572790886636,-0.2754104536422475,,,False
1813,0.022066830704141338,0.22112212065878878,-0.2515989384334103,-0.27366576913755164,,,False
1815,0.022148886510323457,0.10773327533118415,-0.13445735219367894,-0.1566062387040024,,,False
1817,0.020072117468075024,0.27603685571070413,-0.31069884886478494,-0.33077096633285996,0.0,0.020072117468075024,True
1819,0.020700347034849076,0.20634743752237653,-0.23778750067016668,-0.25848784770501576,,,False
1821,0.021519935542427593,0.21334529180093015,-0.24432325525112703,-0.2658431907935546,,,False
1823,0.02072835796753794,0.14464586501969134,-0.17487244395142992,-0.19560080191896786,,,False
1825,0.02116562112065884,0.26998237343358333,-0.30210632899157625,-0.3232719501122351,,,False
1827,0.02142057313641249,0.24458725456498331,-0.2772106092109167,-0.2986311823473292,,,False
1829,0.02282356902016952,0.2419144085213026,-0.27310611132655793,-0.29592968034672745,,,False
1831,0.021198468683017113,0.2078134278553519,-0.23865539529831076,-0.25985386398132787,,,False
1833,0.022782723251581427,0.22385313283207947,-0.25463236867089073,-0.27741509192247216,,,False
1835,0.021591842963957497,0.20976994522019277,-0.24082141169793075,-0.26241325466188825,,,False
1837,0.022654629251103953,0.23393039885427774,-0.2651506619689874,-0.28780529122009135,0.0,0.022654629251103953,True
1839,0.0221437668773124,0.24965695954171074,-0.28191759792268023,-0.30406136479999263,,,False
1841,0.022012547881608835,0.21912778302900013,-0.2506811781416059,-0.27269372602321473,,,False
1843,0.022577027664399174,0.21982361224489746,-0.2506955792188158,-0.273272606883215,,,False
1845,0.021646772313521967,0.20412917937701372,-0.23560451638521568,-0.25725128869873765,,,False
1847,0.022273782042009915,0.24641044718940167,-0.27855471276173743,-0.30082849480374735,,,False
1849,0.02255712099713575,0.24178260973863153,-0.27364741570470164,-0.2962045367018374,,,False
1851,0.02033822881250749,0.19395026423200817,-0.2264942887963648,-0.2468325176088723,,,False
1853,0.02084588951605207,0.18205923952738834,-0.2137261101705591,-0.23457199968661116,,,False
1855,0.022173634667024766,0.2453692817758678,-0.2777105096345086,-0.2998841443015334,,,False
1857,0.023239568650196996,0.2650182151808091,-0.2969076508799676,-0.3201472195301646,0.0,0.023239568650196996,True
1859,0.019712527153001647,0.2554977024704618,-0.28858826450430275,-0.3083007916573044,,,False
1861,0.021671209138918734,0.20531579162191127,-0.23661480761427645,-0.2582860167531952,,,False
1863,0.021990673959303098,0.2506186222699599,-0.2826384858747404,-0.3046291598340435,,,False
1865,0.02187527671858225,0.26957029967776486,-0.30306908943904726,-0.3249443661576295,,,False
1867,0.021156341614751162,0.22512414249910478,-0.2575667402243394,-0.27872308183909056,,,False
1869,0.022505545747702582,0.23133644647332513,-0.2625723901036402,-0.2850779358513428,,,False
1871,0.020333751691132607,0.10909308915145059,-0.1395590772599748,-0.1598928289511074,,,False
1873,0.021711750608664537,0.2320132570712491,-0.2640485450166633,-0.28576029562532784,,,False
1875,0.02320586525957752,0.2477196412459709,-0.2794454749277711,-0.3026513401873486,,,False
1877,0.020834168845327683,0.23133336126029336,-0.2641064373056883,-0.28494060615101596,0.0,0.020834168845327683,True
1879,0.021491945586585626,0.23262936161833087,-0.26540249906710345,-0.2868944446536891,,,False
1881,0.022235659687313558,0.24929570712495414,-0.28183926955168515,-0.3040749292389987,,,False
1883,0.022910179547082132,0.23488892767633268,-0.2663508685220719,-0.28926104806915404,,,False
1885,0.022489146377849434,0.24624254887217956,-0.27854331610321925,-0.3010324624810687,,,False
1887,0.02103747261308042,0.3231801722162537,-0.3592181942535132,-0.3802556668665936,,,False
1889,0.021359071237021188,0.21150402542069374,-0.24280713740239013,-0.2641662086394113,,,False
1891,0.02176302788518919,0.262835587182241,-0.2976344061264121,-0.3193974340116013,,,False
1893,0.020193786333094654,0.23770672144647315,-0.2721548433375788,-0.29234862967067343,,,False
1895,0.02192290139515457,0.24979500930898688,-0.2829825222671344,-0.30490542366228895,,,False
1897,0.02400831036281184,0.1652980816326519,-0.1952866560464478,-0.21929496640925963,0.0,0.02400831036281184,True
1899,0.023297656291323576,0.25937228750447466,-0.29138692497058777,-0.31468458126191134,,,False
1901,0.022008252070056133,0.2055740207662006,-0.23757439472790493,-0.25958264679796106,,,False
1903,0.021186208887695457,0.20280357321876083,-0.23513594161993517,-0.25632215050763063,,,False
1905,0.02110249394915867,0.19384111027568904,-0.22620883935770336,-0.24731133330686203,,,False
1907,0.02202131831662496,0.2325111815252411,-0.26445206351542366,-0.2864733818320486,,,False
1909,0.02347300428571436,0.2587912176870742,-0.2908595733354687,-0.31433257762118305,,,False
1911,0.0224621630528703,0.2375686587898307,-0.26975342503571115,-0.29221558808858145,,,False
1913,0.0223660403329754,0.22533864339419857,-0.2575658859130406,-0.279931926246016,,,False
1915,0.021921556524048258,0.21758251664876432,-0.24953898645172679,-0.27146054297577504,,,False
1917,0.022990788116123706,0.2002116659505899,-0.23109165436488205,-0.25408244248100575,0.0,0.022990788116123706,True
1919,0.023304942000835493,0.25273170963122027,-0.28494679969498327,-0.30825174169581876,,,False
1921,0.022448186352190036,0.2128959513068377,-0.244776884810895,-0.267225071163085,,,False
1923,0.021553004372240225,0.22871804368062967,-0.26133888165850855,-0.2828918860307488,,,False
1925,0.02266266584795329,0.23082602398854207,-0.2627281943796662,-0.2853908602276195,,,False
1927,0.022815792009189706,0.23217677873254466,-0.2644693511220462,-0.28728514313123593,,,False
1929,0.023609248316624976,0.25111526996061484,-0.28309721175179065,-0.3067064600684156,,,False
1931,0.020691634151450145,0.31521015717865924,-0.35209603173421733,-0.3727876658856675,,,False
1933,0.02359673339539331,0.2508048116720362,-0.2828924739515543,-0.3064892073469476,,,False
1935,0.022277151744838353,0.25455775689222965,-0.28785292546544483,-0.3101300772102832,,,False
1937,0.02342489918367352,0.1442135442176868,-0.17265683185636704,-0.19608173104004056,0.0,0.02342489918367352,True
1939,0.02229581173588735,0.27660886215538794,-0.31056057112896185,-0.3328563828648492,,,False
1941,0.022132622302184157,0.2398110705334759,-0.2729357166039091,-0.29506833890609324,,,False
1943,0.02283207941043086,0.2393453469387748,-0.27154478718799935,-0.2943768665984302,,,False
1945,0.02293286433106584,0.2672751904761897,-0.30053668091522373,-0.32346954524628957,,,False
1947,0.023535112324859775,0.245585240601503,-0.2780860753089294,-0.3016211876337892,,,False
1949,0.024532312755698837,0.2667802882205513,-0.2981626013886035,-0.32269491414430235,,,False
1951,0.020988211145124724,0.21678906802720974,-0.2503893009413458,-0.27137751208647054,,,False
1953,0.021684142632175663,0.2294211639813813,-0.2619117606663817,-0.2835959032985574,,,False
1955,0.02225320844909895,0.2427647651271026,-0.27587587151363824,-0.2981290799627372,,,False
1957,0.020533192639336506,0.2571538063014669,-0.2926299630875842,-0.3131631557269207,0.0,0.020533192639336506,True
1959,0.022585383271273463,0.21942778696741772,-0.2517293287942398,-0.2743147120655133,,,False
1961,0.022143016061582643,0.2355601661296089,-0.2681994820818552,-0.2903424981434378,,,False
1963,0.022416754252297444,0.17646881203007447,-0.20791507371852125,-0.2303318279708187,,,False
1965,0.024057053377491422,0.20329931471535903,-0.23397788801315922,-0.25803494139065064,,,False
1967,0.020859099368063072,0.28875030504833493,-0.323553038471712,-0.3444121378397751,,,False
1969,0.02168397166965036,0.2267830873612595,-0.2600969484769766,-0.281780920146627,,,False
1971,0.02338375181286556,0.24243283172216126,-0.2746408927624241,-0.29802464457528965,,,False
1973,0.022279748768349483,0.22292645972072966,-0.2552948541301432,-0.2775746028984927,,,False
1975,0.021367841946533073,0.235369066595058,-0.2683398157417239,-0.28970765768825696,,,False
1977,0.023555411324143793,0.24201752058718115,-0.2740972391204822,-0.29765265044462597,0.0,0.023555411324143793,True
1979,0.023244770540040705,0.26451791442892963,-0.29712241968997866,-0.32036719023001936,,,False
1981,0.023445340751879762,0.2323914436090217,-0.2644040266192945,-0.2878493673711743,,,False
1983,0.01997426688506987,0.25229843430003474,-0.2876835767706906,-0.3076578436557605,,,False
1985,0.022690283874567452,0.24540119155030385,-0.2786899109188995,-0.30138019479346695,,,False
1987,0.023637432691251903,0.24580849373433505,-0.27804260574520445,-0.30168003843645635,,,False
1989,0.024449454601981224,0.2878886820622967,-0.3204370168199743,-0.3448864714219555,,,False
1991,0.021910834707602467,0.24733637056928004,-0.2814279989326592,-0.30333883364026165,,,False
1993,0.022996534391335588,0.22761023272466807,-0.25979128766182513,-0.2827878220531607,,,False
1995,0.023305788396586757,0.24985308199069023,-0.28263880600553737,-0.3059445944021241,,,False
1997,0.023218474883040963,0.23575360401002413,-0.2682468734460915,-0.29146534832913246,0.0,0.023218474883040963,True
1999,0.021338292472252107,0.28354644468313567,-0.3173186644855417,-0.3386569569577938,,,False
