cycle,j_forward_mAcm2,j_backward_mAcm2,delta_j_mAcm2
1,0.00793786581632653,-0.019460279591836733,0.027398145408163262
2,0.011212507142857145,-0.02252012857142857,0.03373263571428572
3,0.008345270918367348,-0.024268378061224487,0.03261364897959183
4,0.010190835714285713,-0.02575439285714286,0.035945228571428574
5,0.008019971428571429,-0.027204911224489793,0.03522488265306122
6,0.007610717857142857,-0.028527011224489796,0.03613772908163265
7,0.007073091836734694,-0.02972760612244898,0.03680069795918368
8,0.006505539285714286,-0.03127704540816326,0.03778258469387755
9,0.005158291836734694,-0.0331941193877551,0.03835241122448979
10,0.0019326433673469386,-0.03493280918367347,0.0368654525510204
11,0.003622458163265306,-0.03714069540816326,0.04076315357142857
12,0.002310533673469388,-0.03922202959183673,0.04153256326530612
13,0.0008123683673469387,-0.04150739897959183,0.04231976734693877
14,-0.0007353382653061224,-0.04353456887755102,0.0427992306122449
15,-0.005642807653061224,-0.04536024336734694,0.039717435714285716
16,-0.003944721428571428,-0.04709517959183673,0.04315045816326531
17,-0.005376262244897959,-0.04849146683673469,0.04311520459183674
18,-0.00689202193877551,-0.04961984183673469,0.04272781989795918
19,-0.008262733163265307,-0.05022402091836734,0.041961287755102036
20,-0.009533417857142857,-0.05057064642857143,0.04103722857142857
21,-0.010598912244897958,-0.050559791836734695,0.03996087959183674
22,-0.011407698469387753,-0.05065046785714286,0.03924276938775511
23,-0.016128589285714288,-0.05082900051020408,0.03470041122448979
24,-0.01436549693877551,-0.050788190306122444,0.03642269336734694
25,-0.012985868877551019,-0.051012890816326525,0.03802702193877551
26,-0.013223908673469389,-0.05189772244897959,0.0386738137755102
27,-0.01395090969387755,-0.0525907637755102,0.03863985408163265
28,-0.014560964285714286,-0.05350222755102041,0.03894126326530612
29,-0.015254154591836735,-0.054748956122448976,0.039494801530612245
30,-0.016139886734693878,-0.055763380102040815,0.03962349336734694
31,-0.018314414285714287,-0.057303967857142854,0.03898955357142857
32,-0.01800053520408163,-0.058741017346938776,0.040740482142857144
33,-0.018162982653061224,-0.06012889081632653,0.04196590816326531
34,-0.020847692346938774,-0.06132471275510204,0.04047702040816327
35,-0.021353701020408164,-0.0623685362244898,0.04101483520408163
36,-0.02226494081632653,-0.06309656887755102,0.04083162806122449
37,-0.023231581122448983,-0.06359543265306122,0.04036385153061224
38,-0.023946372959183674,-0.0640958,0.040149427040816324
39,-0.024854479591836735,-0.06432783928571428,0.03947335969387755
40,-0.025345097959183674,-0.06418406836734694,0.03883897040816327
41,-0.02585706020408163,-0.06409854948979592,0.03824148928571429
42,-0.026140788265306122,-0.06390543163265307,0.037764643367346945
43,-0.02979745306122449,-0.06355117908163266,0.03375372602040817
44,-0.026580880102040814,-0.06342652959183673,0.03684564948979591
45,-0.026696500510204082,-0.06302221785714286,0.03632571734693878
46,-0.02657219387755102,-0.062618825,0.036046631122448984
47,-0.026816454081632652,-0.062063235714285715,0.03524678163265306
48,-0.026721356632653064,-0.06149433367346939,0.034772977040816326
49,-0.026460523469387754,-0.06096153724489796,0.03450101377551021
50,-0.026539004081632653,-0.060477076530612246,0.03393807244897959
51,-0.026306485714285715,-0.05997173265306123,0.03366524693877551
52,-0.026205466326530615,-0.05958891785714286,0.03338345153061224
53,-0.023604313775510206,-0.05907855765306123,0.03547424387755102
54,-0.025823346428571425,-0.058658573979591844,0.03283522755102042
55,-0.02566488469387755,-0.058227774999999996,0.032562890306122444
56,-0.025579316326530616,-0.05777458367346939,0.03219526734693877
57,-0.02537588214285714,-0.057249994387755104,0.03187411224489796
58,-0.02535068418367347,-0.05684097908163265,0.03149029489795918
59,-0.025054923979591838,-0.056304856632653055,0.031249932653061217
60,-0.02490935051020408,-0.05603617653061224,0.03112682602040816
61,-0.024641277040816326,-0.05568951428571428,0.031048237244897955
62,-0.025013190306122448,-0.05516692755102041,0.03015373724489796
63,-0.028045200510204083,-0.054959716836734694,0.02691451632653061
64,-0.02618120663265306,-0.05459831275510204,0.02841710612244898
65,-0.024232080102040816,-0.05403255969387755,0.02980047959183673
66,-0.024133492346938776,-0.05395477755102041,0.029821285204081636
67,-0.023970423979591836,-0.05368936989795919,0.02971894591836735
68,-0.023850448469387754,-0.053440661734693876,0.02959021326530612
69,-0.023756080102040816,-0.05305906173469388,0.029302981632653064
70,-0.023540992346938776,-0.05270123928571429,0.029160246938775513
71,-0.02350326173469388,-0.052503271938775506,0.029000010204081626
72,-0.023327085714285715,-0.052294602551020405,0.02896751683673469
73,-0.02327329744897959,-0.05205209030612245,0.028778792857142858
74,-0.022992772959183675,-0.051814903571428574,0.0288221306122449
75,-0.022947808673469388,-0.05156140918367347,0.02861360051020408
76,-0.022803036224489794,-0.05133343571428572,0.028530399489795924
77,-0.022722616836734693,-0.051135956122448985,0.028413339285714292
78,-0.022664842346938774,-0.05079294285714286,0.028128100510204083
79,-0.022541988775510204,-0.050658175,0.028116186224489796
80,-0.022469705612244897,-0.050541048979591836,0.02807134336734694
81,-0.022298150000000003,-0.04988455255102041,0.027586402551020406
82,-0.022200918877551018,-0.0500616612244898,0.027860742346938784
83,-0.0222596693877551,-0.04999490612244898,0.02773523673469388
84,-0.021996699489795917,-0.049812875,0.027816175510204082
85,-0.021941579081632655,-0.04943644795918367,0.027494868877551017
86,-0.021878713775510206,-0.049504689795918363,0.027625976020408158
87,-0.021892514795918364,-0.04937235357142857,0.027479838775510208
88,-0.02154624744897959,-0.0492422862244898,0.027696038775510207
89,-0.021626597959183674,-0.04912788163265306,0.027501283673469386
90,-0.021918978571428573,-0.04895058826530612,0.027031609693877547
91,-0.021542770408163266,-0.04893139846938776,0.027388628061224492
92,-0.021556994387755102,-0.04859333826530612,0.027036343877551015
93,-0.02158296479591837,-0.04860431734693878,0.02702135255102041
94,-0.021385770408163265,-0.04838948316326531,0.027003712755102043
95,-0.021180191326530613,-0.04828386173469388,0.027103670408163267
96,-0.02124854744897959,-0.04820218010204082,0.02695363265306123
97,-0.021170702040816326,-0.04819337959183674,0.027022677551020415
98,-0.02112282193877551,-0.04799042193877551,0.0268676
99,-0.02108805612244898,-0.0479670943877551,0.026879038265306122
100,-0.02311179132653061,-0.04770947448979592,0.02459768316326531
101,-0.009743510714285714,-0.046823358163265306,0.03707984744897959
102,-0.02038812397959184,-0.04694956275510204,0.026561438775510197
103,-0.021365679591836734,-0.04665710153061225,0.025291421938775514
104,-0.02033932193877551,-0.046663706122448974,0.026324384183673465
105,-0.020760998979591834,-0.04664969183673469,0.025888692857142855
106,-0.02040994693877551,-0.04663794693877551,0.026227999999999998
107,-0.020300172448979595,-0.046575782653061226,0.02627561020408163
108,-0.020060345918367348,-0.04626783673469388,0.026207490816326534
109,-0.019943741836734693,-0.04623292346938776,0.026289181632653067
110,-0.0217296637755102,-0.04610207908163265,0.02437241530612245
111,-0.019866337244897957,-0.0460784693877551,0.026212132142857145
112,-0.019872326020408164,-0.04591060765306122,0.02603828163265306
113,-0.01983873418367347,-0.045957039285714284,0.026118305102040815
114,-0.019995357653061225,-0.045627540306122455,0.02563218265306123
115,-0.019737446428571427,-0.04567386326530612,0.025936416836734692
116,-0.019690442346938775,-0.045675622959183676,0.0259851806122449
117,-0.019503951020408163,-0.04552101326530612,0.02601706224489796
118,-0.019521848469387756,-0.045520592346938775,0.02599874387755102
119,-0.019501433163265306,-0.0453998637755102,0.025898430612244897
120,-0.01937713469387755,-0.0453402806122449,0.025963145918367347
121,-0.023570563265306124,-0.04520074183673469,0.021630178571428568
122,-0.01938046581632653,-0.04508887653061225,0.02570841071428572
123,-0.01932154744897959,-0.04507490051020408,0.02575335306122449
124,-0.019409268877551022,-0.04480507806122449,0.025395809183673467
125,-0.01918083418367347,-0.04472717040816327,0.0255463362244898
126,-0.01918582857142857,-0.04485982397959184,0.02567399540816327
127,-0.019173379591836733,-0.04462062908163265,0.025447249489795914
128,-0.019072699999999998,-0.044628960714285716,0.025556260714285718
129,-0.019061640306122448,-0.044631845918367344,0.025570205612244896
130,-0.01903696479591837,-0.04462419744897959,0.025587232653061218
131,-0.0189409943877551,-0.04454555969387755,0.02560456530612245
132,-0.018939102040816325,-0.04444808520408163,0.025508983163265306
133,-0.019169465306122447,-0.044427121938775516,0.02525765663265307
134,-0.018795026530612245,-0.044262302551020406,0.025467276020408162
135,-0.01883462448979592,-0.0442045362244898,0.025369911734693877
136,-0.018835695918367347,-0.04424306887755102,0.025407372959183674
137,-0.01878300357142857,-0.04414072448979592,0.025357720918367348
138,-0.018788546938775512,-0.04402528163265306,0.02523673469387755
139,-0.018601879081632654,-0.04410055102040816,0.02549867193877551
140,-0.018564964795918366,-0.043842601530612244,0.025277636734693878
141,-0.018706441836734696,-0.04400073571428571,0.025294293877551017
142,-0.01857468469387755,-0.04394582908163266,0.025371144387755108
143,-0.018621032653061226,-0.04390127448979592,0.025280241836734697
144,-0.018497141326530613,-0.04380077857142858,0.025303637244897963
145,-0.018480590816326532,-0.043783921428571425,0.025303330612244893
146,-0.01837024387755102,-0.04349857857142857,0.025128334693877548
147,-0.018333161224489795,-0.043722951020408164,0.02538978979591837
148,-0.018389470918367345,-0.04348779132653061,0.025098320408163267
149,-0.018372011224489795,-0.04361511989795918,0.025243108673469385
150,-0.01833157244897959,-0.043552129591836734,0.025220557142857144
151,-0.01830724081632653,-0.04337973265306123,0.025072491836734698
152,-0.01811986020408163,-0.043446085714285716,0.025326225510204085
153,-0.01824045867346939,-0.04346272959183673,0.025222270918367342
154,-0.01828244285714286,-0.04344610408163265,0.02516366122448979
155,-0.01827012755102041,-0.043378791836734695,0.025108664285714285
156,-0.018199769387755103,-0.043254273469387754,0.02505450408163265
157,-0.018192935204081634,-0.04324633316326531,0.025053397959183675
158,-0.018001003571428573,-0.04306768010204082,0.025066676530612245
159,-0.0180515056122449,-0.04321247193877551,0.02516096632653061
160,-0.018201119387755104,-0.043212146938775516,0.02501102755102041
161,-0.01986887806122449,-0.043122781122448973,0.023253903061224483
162,-0.017930452040816326,-0.04304074948979592,0.025110297448979597
163,-0.01806055867346939,-0.04308658520408163,0.02502602653061224
164,-0.017972792857142858,-0.043136966326530614,0.025164173469387756
165,-0.017180405102040816,-0.04305308673469388,0.025872681632653063
166,-0.019985741836734693,-0.04297415816326531,0.022988416326530616
167,-0.017948564285714286,-0.043009039285714284,0.025060475
168,-0.01780500918367347,-0.042798225,0.024993215816326533
169,-0.017736401020408164,-0.04285445,0.02511804897959184
170,-0.017836953571428574,-0.042763946428571425,0.02492699285714285
171,-0.018907222959183675,-0.042785647448979586,0.02387842448979591
172,-0.017851291326530613,-0.04276646989795918,0.024915178571428567
173,-0.017777037755102042,-0.04278953214285714,0.0250124943877551
174,-0.017840130102040816,-0.04258161989795919,0.02474148979591837
175,-0.017786458163265306,-0.0427025306122449,0.024916072448979597
176,-0.017741227551020408,-0.04266780867346939,0.024926581122448985
177,-0.017813013265306123,-0.042602354591836734,0.02478934132653061
178,-0.017780946428571427,-0.04267230663265306,0.024891360204081635
179,-0.017607817346938774,-0.0427467806122449,0.025138963265306125
180,-0.017398310714285714,-0.04251563265306123,0.025117321938775514
181,-0.01765774387755102,-0.0426707,0.025012956122448977
182,-0.017629395408163266,-0.04258704744897959,0.024957652040816326
183,-0.0176772556122449,-0.04253677551020408,0.02485951989795918
184,-0.017527654591836736,-0.042536539285714284,0.025008884693877548
185,-0.017671194387755104,-0.04255537602040816,0.024884181632653057
186,-0.0191902806122449,-0.04232793724489795,0.02313765663265305
187,-0.017587589795918367,-0.04248001479591837,0.024892425000000003
188,-0.01753794693877551,-0.04243723163265306,0.02489928469387755
189,-0.01750544948979592,-0.04244825510204082,0.0249428056122449
190,-0.0174751,-0.042442460714285715,0.024967360714285715
191,-0.017424182653061223,-0.04240370510204081,0.02497952244897959
192,-0.017505769897959184,-0.04240907857142857,0.024903308673469383
193,-0.017474225,-0.042386718367346934,0.024912493367346935
194,-0.017471078571428572,-0.042400769897959184,0.024929691326530612
195,-0.017513416836734696,-0.042313951020408164,0.024800534183673468
196,-0.017488496428571428,-0.04235593979591837,0.02486744336734694
197,-0.017395307653061225,-0.042360347448979596,0.02496503979591837
198,-0.017404075510204082,-0.042354856122448985,0.024950780612244903
199,-0.01739170918367347,-0.04231040102040816,0.024918691836734688
200,-0.01739126632653061,-0.04233069642857143,0.02493943010204082
201,-0.00794475,-0.04160760612244898,0.03366285612244898
202,-0.017013930612244897,-0.041884789795918365,0.024870859183673467
203,-0.01704661581632653,-0.041895881632653065,0.024849265816326536
204,-0.017136339795918366,-0.041878757653061226,0.02474241785714286
205,-0.014548557142857143,-0.04194138673469388,0.027392829591836736
206,-0.01822125612244898,-0.04190565816326531,0.02368440204081633
207,-0.020923235204081632,-0.04201431020408163,0.021091075
208,-0.02407316224489796,-0.04191160102040817,0.017838438775510206
209,-0.014563594387755103,-0.04189235306122449,0.027328758673469386
210,-0.017148908673469385,-0.04195228418367347,0.024803375510204086
211,-0.018302936734693877,-0.0418956443877551,0.023592707653061224
212,-0.017110902040816327,-0.04192066989795918,0.024809767857142853
213,-0.015191474489795917,-0.04190482295918368,0.026713348469387763
214,-0.017167099489795917,-0.041816928571428574,0.024649829081632657
215,-0.014826632142857142,-0.04181245255102041,0.026985820408163268
216,-0.01704477806122449,-0.04186000255102041,0.02481522448979592
217,-0.01710902806122449,-0.041797685714285715,0.024688657653061226
218,-0.017072503571428574,-0.04190778724489796,0.024835283673469384
219,-0.017070648469387755,-0.04183831275510204,0.024767664285714284
220,-0.016975420408163265,-0.04169135102040816,0.024715930612244898
221,-0.017029293877551022,-0.041885787755102044,0.024856493877551022
222,-0.01702416224489796,-0.041762147959183676,0.024737985714285718
223,-0.01701496530612245,-0.04172156020408163,0.02470659489795918
224,-0.01695677755102041,-0.041739204591836734,0.024782427040816325
225,-0.016974386224489796,-0.04172895663265306,0.024754570408163264
226,-0.016983198979591836,-0.04167577551020408,0.024692576530612242
227,-0.017030329081632652,-0.041776575510204084,0.02474624642857143
228,-0.01968157295918367,-0.041765361224489796,0.022083788265306124
229,-0.01784176836734694,-0.04173656071428571,0.023894792346938774
230,-0.016927502040816327,-0.041586620408163265,0.02465911836734694
231,-0.01689926632653061,-0.041654193877551024,0.024754927551020413
232,-0.018446316326530612,-0.04172931530612245,0.023282998979591837
233,-0.01696904693877551,-0.04175206734693877,0.024783020408163263
234,-0.0170407556122449,-0.04172596326530612,0.024685207653061224
235,-0.017623047959183673,-0.04171287142857143,0.024089823469387754
236,-0.016876574999999998,-0.0416843887755102,0.024807813775510203
237,-0.016948486224489797,-0.04168343979591837,0.02473495357142857
238,-0.01693240612244898,-0.04166559336734694,0.02473318724489796
239,-0.016889832653061224,-0.04166215867346939,0.024772326020408166
240,-0.016908158163265307,-0.04162712244897959,0.024718964285714285
241,-0.016847116836734694,-0.04172008826530612,0.024872971428571426
242,-0.016918055102040818,-0.041652639285714284,0.024734584183673466
243,-0.016903554591836734,-0.041682785714285714,0.02477923112244898
244,-0.016854873979591838,-0.04156782551020408,0.024712951530612245
245,-0.016934898469387755,-0.041738617857142855,0.0248037193877551
246,-0.014662226530612246,-0.041620623979591834,0.026958397448979588
247,-0.016568858163265306,-0.041669733163265305,0.025100874999999998
248,-0.016644620918367346,-0.041731493877551026,0.02508687295918368
249,-0.016874052551020407,-0.04169041734693878,0.02481636479591837
250,-0.016768962755102042,-0.04157622397959184,0.0248072612244898
251,-0.01679817806122449,-0.0416333831632653,0.02483520510204081
252,-0.011236914795918367,-0.04149033724489796,0.03025342244897959
253,-0.016791027040816326,-0.04148100765306122,0.024689980612244897
254,-0.01683079387755102,-0.04167646632653061,0.02484567244897959
255,-0.01677668367346939,-0.041555581122448976,0.024778897448979587
256,-0.016892319897959186,-0.04154524846938775,0.024652928571428565
257,-0.01681519387755102,-0.04160716224489795,0.02479196836734693
258,-0.016738264285714285,-0.041602270918367344,0.02486400663265306
259,-0.016804011224489795,-0.0414911693877551,0.024687158163265305
260,-0.017969394897959182,-0.041505594897959186,0.023536200000000004
261,-0.01679395867346939,-0.041532340306122455,0.024738381632653066
262,-0.01673369030612245,-0.0415353443877551,0.02480165408163265
263,-0.016737566326530614,-0.04144852091836735,0.024710954591836736
264,-0.01674445408163265,-0.041492073469387755,0.024747619387755104
265,-0.01675244591836735,-0.04165102653061224,0.024898580612244894
266,-0.016724183673469388,-0.0414991668367347,0.02477498316326531
267,-0.01656428775510204,-0.0415496831632653,0.02498539540816326
268,-0.01690296224489796,-0.04155260765306123,0.02464964540816327
269,-0.015226163775510204,-0.04152957244897959,0.026303408673469385
270,-0.01671725255102041,-0.04151666428571428,0.024799411734693872
271,-0.016848429081632654,-0.04152659897959183,0.024678169897959176
272,-0.01677667551020408,-0.041442881122448975,0.024666205612244894
273,-0.016690941836734693,-0.041506777040816324,0.02481583520408163
274,-0.016702307653061226,-0.04145736632653061,0.024755058673469384
275,-0.016711282653061224,-0.0415596943877551,0.024848411734693876
276,-0.016647160204081635,-0.041432828061224496,0.02478566785714286
277,-0.016300280102040817,-0.04136150714285714,0.025061227040816324
278,-0.01669130663265306,-0.041503982142857145,0.024812675510204083
279,-0.014649657653061225,-0.04146731887755102,0.026817661224489794
280,-0.01670228724489796,-0.04148350255102041,0.02478121530612245
281,-0.01662803367346939,-0.04150583673469388,0.02487780306122449
282,-0.016678398469387755,-0.04150781632653062,0.024829417857142863
283,-0.016482447959183674,-0.04138371581632653,0.024901267857142854
284,-0.016706222959183673,-0.041419426020408164,0.02471320306122449
285,-0.01671451530612245,-0.04143206887755102,0.02471755357142857
286,-0.016733213265306125,-0.041454233163265304,0.02472101989795918
287,-0.016754944897959183,-0.041508896428571425,0.02475395153061224
288,-0.01665286887755102,-0.041510898469387755,0.024858029591836736
289,-0.01143034030612245,-0.04131885969387755,0.0298885193877551
290,-0.01563994948979592,-0.04143393673469387,0.025793987244897953
291,-0.013430947959183672,-0.041488333163265306,0.028057385204081634
292,-0.0167390693877551,-0.041462454081632655,0.024723384693877554
293,-0.016603744387755102,-0.04146277806122449,0.024859033673469387
294,-0.016721716836734693,-0.04136310408163265,0.024641387244897957
295,-0.01659269336734694,-0.04147749132653061,0.024884797959183674
296,-0.016625636734693878,-0.0413313693877551,0.02470573265306122
297,-0.015126075510204081,-0.04140233979591837,0.026276264285714286
298,-0.016209654591836733,-0.041659745918367345,0.025450091326530613
299,-0.014983725,-0.041369228571428565,0.026385503571428565
300,-0.003770367857142857,-0.027485920918367348,0.02371555306122449
301,-0.019072002551020407,-0.04076613316326531,0.0216941306122449
302,-0.012273492857142857,-0.040920364285714286,0.02864687142857143
303,-0.013611573979591837,-0.04101009744897959,0.027398523469387755
304,-0.01581165612244898,-0.040908287244897965,0.025096631122448986
305,-0.0032444821428571427,-0.041388663775510204,0.03814418163265306
306,-0.02097472244897959,-0.04162895051020408,0.020654228061224487
307,-0.010078283673469388,-0.040712753571428575,0.030634469897959187
308,-0.01335813469387755,-0.04127319846938776,0.027915063775510212
309,-0.015476767857142857,-0.03987407653061225,0.02439730867346939
310,-0.017057875,-0.04111972908163266,0.02406185408163266
311,-0.0276384,-0.03906660102040816,0.01142820102040816
312,-0.018033913265306123,-0.04687506071428572,0.028841147448979594
313,-0.018215916836734694,-0.041284293367346944,0.02306837653061225
314,-0.028026673979591833,-0.04252464744897959,0.014497973469387755
315,-0.014222108163265306,-0.03135954489795918,0.017137436734693874
316,-0.013581557142857142,-0.03144150714285714,0.01785995
317,-0.02012797295918367,-0.043282406122448984,0.023154433163265313
318,-0.02226361275510204,-0.041122289285714285,0.018858676530612246
319,-0.020557098979591834,-0.041208919387755095,0.02065182040816326
320,-0.017740864285714288,-0.041162336224489796,0.023421471938775508
321,-0.01464595306122449,-0.04109524897959183,0.02644929591836734
322,-0.018668579591836734,-0.03476141683673469,0.01609283724489796
323,-0.007176917346938776,-0.041158600510204084,0.03398168316326531
324,-0.020785198469387756,-0.041111653061224496,0.02032645459183674
325,-0.013471437244897959,-0.038877378571428575,0.025405941326530616
326,-0.02215907551020408,-0.043392569387755105,0.021233493877551024
327,-0.016197527551020406,-0.0413098612244898,0.025112333673469392
328,-0.018319697959183673,-0.036381087244897956,0.018061389285714283
329,-0.015381539285714285,-0.04087155153061225,0.025490012244897962
330,-0.01664065918367347,-0.041047069387755104,0.024406410204081633
331,-0.0157937,-0.04095248775510204,0.02515878775510204
332,-0.03056620816326531,-0.04098185255102041,0.0104156443877551
333,-0.01793290969387755,-0.041222102551020406,0.023289192857142857
334,-0.019549094387755102,-0.04109760612244898,0.02154851173469388
335,-0.0238449806122449,-0.04136207448979591,0.017517093877551012
336,-0.017230676020408165,-0.044870123979591836,0.02763944795918367
337,-0.022385727551020407,-0.028394162755102044,0.0060084352040816365
338,-0.019816477040816325,-0.041305484183673476,0.02148900714285715
339,-0.014816438265306122,-0.04111781836734694,0.026301380102040816
340,-0.015136470408163264,-0.04243129336734694,0.027294822959183673
341,-0.017689842857142857,-0.049205904081632654,0.0315160612244898
342,-0.01416650663265306,-0.041334189285714286,0.027167682653061225
343,-0.01913969693877551,-0.03936763928571429,0.02022794234693878
344,-0.006461985714285715,-0.041262615306122456,0.03480062959183674
345,-0.0010122020408163265,-0.0391255556122449,0.038113353571428574
346,-0.016168473469387754,-0.037474242857142855,0.0213057693877551
347,-0.015248707653061225,-0.04021987551020408,0.02497116785714286
348,-0.021212385714285714,-0.040216765306122455,0.01900437959183674
349,-0.01897673469387755,-0.03723081581632653,0.018254081122448976
350,-0.017077761224489795,-0.04110075,0.024022988775510203
351,-0.018073235714285714,-0.04142339540816326,0.023350159693877548
352,-0.027332072448979592,-0.029142363265306122,0.0018102908163265298
353,-0.015846905102040818,-0.041103102040816325,0.025256196938775507
354,-0.015495165816326532,-0.04056364642857142,0.02506848061224489
355,-0.016179575510204082,-0.041297405102040816,0.025117829591836734
356,-0.016524842346938774,-0.04103020867346939,0.024505366326530616
357,-0.010875564795918368,-0.040953846428571423,0.030078281632653053
358,-0.012959384693877552,-0.03883693418367347,0.02587754948979592
359,-0.006973705102040816,-0.03207421785714286,0.025100512755102042
360,-0.01665966581632653,-0.04107163673469388,0.024411970918367346
361,-0.015333004591836735,-0.040856653061224484,0.025523648469387747
362,-0.004122467346938776,-0.04102415969387755,0.036901692346938776
363,-0.013801940816326531,-0.04626631479591837,0.032464373979591836
364,-0.013278530102040815,-0.041026901530612246,0.02774837142857143
365,-0.004154732653061224,-0.04130012908163266,0.03714539642857143
366,-0.01629121530612245,-0.04102348877551021,0.024732273469387757
367,-0.008752017857142858,-0.03991719183673469,0.031165173979591836
368,-0.018877686224489796,-0.04081276326530612,0.021935077040816323
369,-0.01594103112244898,-0.041329337244897964,0.025388306122448984
370,-0.01851048367346939,-0.039914454081632654,0.021403970408163265
371,-0.029765142346938778,-0.04019728520408163,0.010432142857142855
372,-0.019708283673469388,-0.041117351020408165,0.021409067346938777
373,-0.015241435204081631,-0.04101907397959184,0.02577763877551021
374,-0.015409176020408163,-0.049959727040816325,0.03455055102040816
375,-0.010882301530612246,-0.041059259693877546,0.0301769581632653
376,-0.021494354591836736,-0.041076994387755104,0.01958263979591837
377,-0.011008389795918366,-0.041081066326530614,0.030072676530612248
378,-0.017844782653061223,-0.04706780612244898,0.029223023469387755
379,-0.01974072551020408,-0.041654190816326535,0.021913465306122454
380,-0.012318923469387755,-0.04109218673469388,0.028773263265306125
381,-0.02428655306122449,-0.04112886479591837,0.016842311734693877
382,-0.02488432091836735,-0.03815268775510204,0.013268366836734692
383,-0.022440680102040818,-0.04370971479591837,0.021269034693877552
384,-0.034302205102040816,-0.04103028673469388,0.006728081632653066
385,-0.016620509183673467,-0.043372857653061224,0.026752348469387757
386,-0.014977313775510204,-0.040752006122448975,0.02577469234693877
387,-0.01725319387755102,-0.04070458316326531,0.023451389285714285
388,-0.018269634693877553,-0.04111674132653061,0.02284710663265306
389,-0.012629919387755102,-0.04122658673469388,0.028596667346938776
390,-0.01670262448979592,-0.041410161224489796,0.024707536734693877
391,-0.022648016326530615,-0.041306410204081635,0.01865839387755102
392,-0.013391764795918366,-0.04238636632653062,0.02899460153061225
393,-0.017843250510204082,-0.041170359183673476,0.023327108673469394
394,-0.01793703163265306,-0.03871726836734694,0.020780236734693876
395,-0.014315099999999999,-0.04118793214285714,0.026872832142857142
396,-0.019334272959183673,-0.04051314540816327,0.021178872448979594
397,-0.006283261734693878,-0.040457013775510205,0.034173752040816324
398,-0.012376267346938776,-0.044250983163265305,0.03187471581632653
399,-0.005166255102040816,-0.04035864591836735,0.03519239081632654
400,-0.01415289387755102,-0.04085099234693878,0.02669809846938776
401,-0.008179294897959183,-0.04327402704081633,0.035094732142857146
402,-0.0148442,-0.04075857397959183,0.02591437397959183
403,-0.016191354081632654,-0.04141954591836734,0.02522819183673469
404,-0.017133130102040817,-0.04060614387755102,0.023473013775510206
405,-0.009474923469387756,-0.04079872346938776,0.031323800000000006
406,-0.01486257857142857,-0.05001200510204081,0.03514942653061224
407,-0.019650264285714286,-0.03165685612244898,0.012006591836734692
408,-0.02272041224489796,-0.04092288571428571,0.018202473469387755
409,-0.013856488265306123,-0.041036026020408164,0.02717953775510204
410,-0.020871855102040815,-0.0410403668367347,0.020168511734693882
411,-0.01763295408163265,-0.04170480969387755,0.024071855612244897
412,-0.022862104081632653,-0.0408322637755102,0.017970159693877545
413,-0.015815917857142855,-0.04277907551020408,0.026963157653061225
414,-0.014448930612244898,-0.045211081122448975,0.030762150510204075
415,-0.011684270408163264,-0.04082232653061225,0.029138056122448984
416,-0.016240961224489796,-0.04088237142857142,0.024641410204081626
417,-0.02190069132653061,-0.04092099846938775,0.01902030714285714
418,-0.019386505102040815,-0.04022248724489796,0.020835982142857142
419,-0.014892537244897959,-0.04113613979591836,0.0262436025510204
420,-0.03332232755102041,-0.04158602602040816,0.00826369846938775
421,-0.016921411734693876,-0.04105339030612244,0.024131978571428566
422,-0.013494357653061225,-0.04101655714285714,0.027522199489795913
423,-0.006357459693877551,-0.03989551173469388,0.03353805204081633
424,-0.01179744693877551,-0.040453559693877546,0.028656112755102034
425,-0.017605717857142857,-0.043467376530612244,0.025861658673469387
426,-0.013655962244897958,-0.04685764846938776,0.0332016862244898
427,-0.016148555102040815,-0.040004037755102036,0.02385548265306122
428,-0.017323916326530613,-0.04123654183673469,0.023912625510204077
429,-0.013906191836734694,-0.05002498469387755,0.036118792857142853
430,-0.021341464285714287,-0.04446356683673469,0.023122102551020405
431,-0.007609602551020407,-0.029494007142857142,0.021884404591836736
432,-0.01493828112244898,-0.04096366632653062,0.02602538520408164
433,-0.007381338775510204,-0.041157177551020406,0.0337758387755102
434,-0.01774182448979592,-0.039688547959183675,0.021946723469387756
435,-0.016877610714285715,-0.041125075,0.024247464285714282
436,-0.007261580612244898,-0.04639820357142858,0.03913662295918368
437,-0.021682447448979594,-0.04095423571428571,0.01927178826530612
438,-0.01957995918367347,-0.04116874285714286,0.021588783673469388
439,-0.02953977448979592,-0.041012510714285716,0.011472736224489796
440,-0.016459611734693878,-0.03992043877551021,0.02346082704081633
441,-0.017657557653061224,-0.04105180867346939,0.023394251020408163
442,-0.019048848979591835,-0.041768539795918366,0.02271969081632653
443,-0.015920429081632655,-0.04098422704081632,0.025063797959183665
444,-0.019471041326530613,-0.04118624336734694,0.02171520204081633
445,-0.015635135714285715,-0.040896161734693876,0.02526102602040816
446,-0.02682819795918367,-0.041242069387755105,0.014413871428571434
447,-0.01568354948979592,-0.041207048979591834,0.025523499489795914
448,-0.015814030102040817,-0.03112998826530612,0.015315958163265305
449,-0.011561776020408164,-0.041039180102040815,0.02947740408163265
450,-0.015410566836734694,-0.043126198469387755,0.02771563163265306
451,-0.013772234693877552,-0.041146437755102044,0.02737420306122449
452,-0.01532420918367347,-0.041167074489795924,0.025842865306122453
453,-0.017463129591836733,-0.041200043367346936,0.023736913775510203
454,-0.016650922959183672,-0.04079939897959184,0.024148476020408167
455,-0.01735573724489796,-0.04125112244897959,0.02389538520408163
456,-0.01648116530612245,-0.04111124795918368,0.02463008265306123
457,-0.006593547448979591,-0.039807383163265306,0.03321383571428571
458,-0.022107682653061227,-0.0417867556122449,0.019679072959183676
459,-0.01741557244897959,-0.041589612755102034,0.024174040306122444
460,-0.016267152551020406,-0.040595564795918374,0.024328412244897967
461,-0.017398429591836736,-0.04092344693877551,0.023525017346938775
462,-0.01387147806122449,-0.04175588112244898,0.027884403061224493
463,-0.006124008163265306,-0.043548047448979596,0.03742403928571429
464,-0.01916539693877551,-0.04123949183673469,0.02207409489795918
465,-0.015254194387755101,-0.04157362857142857,0.02631943418367347
466,-0.01936377295918367,-0.041705207653061224,0.022341434693877553
467,-0.015107732142857141,-0.04055550612244898,0.025447773979591838
468,-0.02060814948979592,-0.04241590255102041,0.02180775306122449
469,-0.01703992755102041,-0.04124152551020408,0.024201597959183672
470,-0.01291410969387755,-0.041041880612244896,0.028127770918367347
471,-0.0114679193877551,-0.04336336581632653,0.03189544642857143
472,-0.008505745408163266,-0.04149277704081633,0.03298703163265307
473,-0.014776176020408163,-0.04138479897959184,0.026608622959183675
474,-0.012159945918367346,-0.03210981224489796,0.01994986632653061
475,-0.012709296428571427,-0.03836121326530612,0.025651916836734696
476,-0.0041855239795918365,-0.04156311887755102,0.037377594897959186
477,-0.006294804081632653,-0.041308219897959186,0.03501341581632653
478,-0.012164006122448978,-0.04138880663265306,0.029224800510204083
479,-0.022918759183673473,-0.04100365612244898,0.01808489693877551
480,-0.016191529591836736,-0.04152124081632653,0.025329711224489793
481,-0.02540619897959184,-0.036495379591836734,0.011089180612244894
482,-0.009506863265306122,-0.041044666836734696,0.031537803571428574
483,-0.013378961224489795,-0.039890685714285716,0.02651172448979592
484,-0.01376264744897959,-0.0425250637755102,0.028762416326530607
485,-0.013061873979591838,-0.04168360051020408,0.028621726530612242
486,-0.016733129591836735,-0.04080611887755102,0.024072989285714285
487,-0.02607578520408163,-0.04049754948979591,0.014421764285714282
488,-0.022995599489795918,-0.037153758163265306,0.014158158673469388
489,-0.00735385918367347,-0.03961030051020408,0.03225644132653061
490,-0.019482289285714285,-0.04721402397959184,0.027731734693877554
491,-0.017025096938775512,-0.040861496428571425,0.023836399489795913
492,-0.02304303316326531,-0.03949215663265306,0.016449123469387754
493,-0.01732250357142857,-0.041380180612244896,0.024057677040816326
494,-0.01470527551020408,-0.03841989795918367,0.02371462244897959
495,-0.017518854081632652,-0.041789790306122454,0.0242709362244898
496,-0.020573035714285714,-0.040249685714285714,0.01967665
497,-0.015604298469387753,-0.041567345408163266,0.025963046938775512
498,-0.014416189795918367,-0.04200796479591837,0.027591775
499,-0.021369232142857145,-0.041475627551020404,0.02010639540816326
500,-0.01580372806122449,-0.04137016020408164,0.025566432142857146
501,-0.004865802551020409,-0.04121375867346939,0.03634795612244898
502,-0.015884270918367346,-0.041007099489795924,0.025122828571428578
503,-0.014544652551020408,-0.04107622653061224,0.026531573979591834
504,-0.02023658724489796,-0.03985206836734694,0.019615481122448982
505,-0.027123052551020408,-0.041060987244897956,0.013937934693877548
506,-0.017384636224489797,-0.05274256734693877,0.03535793112244898
507,-0.008723067346938776,-0.041212233163265305,0.03248916581632653
508,-0.014749329591836734,-0.043551956122448984,0.02880262653061225
509,-0.01594200255102041,-0.04196669744897959,0.026024694897959177
510,-0.009950458673469388,-0.03968231887755102,0.029731860204081632
511,-0.02567878418367347,-0.041285097448979596,0.015606313265306128
512,-0.02429187551020408,-0.0413121443877551,0.01702026887755102
513,-0.016225021428571428,-0.04141815,0.025193128571428573
514,-0.007425667346938775,-0.04262069285714286,0.035195025510204085
515,-0.026826367857142857,-0.032082515816326526,0.005256147959183669
516,-0.023209917857142857,-0.041232061224489795,0.01802214336734694
517,-0.01566584132653061,-0.04154519642857143,0.025879355102040816
518,-0.011430655102040818,-0.038211914795918366,0.026781259693877547
519,-0.016135063265306122,-0.0414683362244898,0.02533327295918368
520,-0.0070887306122448986,-0.0329890693877551,0.025900338775510203
521,-0.016864688265306123,-0.04193482704081633,0.025070138775510207
522,-0.018727194897959182,-0.04157072908163265,0.02284353418367347
523,-0.0159059306122449,-0.04185935051020408,0.025953419897959178
524,-0.022461430612244895,-0.04191907857142858,0.019457647959183682
525,-0.015425712244897959,-0.04157614795918368,0.02615043571428572
526,-0.015345429081632653,-0.041936238265306125,0.026590809183673472
527,-0.015490729081632652,-0.042008807653061225,0.02651807857142857
528,-0.01900233163265306,-0.04168711326530612,0.022684781632653063
529,-0.015472236224489795,-0.04207059846938775,0.026598362244897956
530,-0.015954814795918367,-0.04172374132653062,0.02576892653061225
531,-0.015344354591836735,-0.042015804591836736,0.02667145
532,-0.015457576530612246,-0.04198960153061225,0.026532025000000004
533,-0.01537562193877551,-0.04206140357142857,0.02668578163265306
534,-0.015534544897959185,-0.04168157857142857,0.026147033673469385
535,-0.01533999132653061,-0.042144767857142856,0.026804776530612244
536,-0.015482751530612245,-0.04183693673469388,0.026354185204081636
537,-0.015607500510204082,-0.04180900459183673,0.026201504081632646
538,-0.019898676020408162,-0.04205190765306122,0.02215323163265306
539,-0.015428607653061224,-0.04183377959183674,0.026405171938775517
540,-0.015608748979591839,-0.04213895663265306,0.026530207653061223
541,-0.015438651020408162,-0.04213029132653061,0.026691640306122446
542,-0.029599526020408166,-0.04220680969387755,0.012607283673469385
543,-0.01589711275510204,-0.042143042857142855,0.026245930102040814
544,-0.015542868877551021,-0.042155510204081634,0.026612641326530614
545,-0.015511276020408164,-0.041655947959183676,0.02614467193877551
546,-0.015490579081632653,-0.04216648979591837,0.026675910714285715
547,-0.017591841836734692,-0.042238325,0.024646483163265308
548,-0.011187710204081632,-0.042223836734693876,0.031036126530612246
549,-0.01552768469387755,-0.04225534285714286,0.026727658163265305
550,-0.016595038265306124,-0.0419290387755102,0.025334000510204076
551,-0.015568415816326531,-0.042190346428571425,0.026621930612244896
552,-0.016432310714285716,-0.04195570153061225,0.02552339081632653
553,-0.015389977040816327,-0.04190398928571428,0.026514012244897953
554,-0.015485824489795918,-0.042171269387755096,0.02668544489795918
555,-0.015540268367346937,-0.042266732653061224,0.026726464285714287
556,-0.015487601020408163,-0.04187258826530613,0.02638498724489796
557,-0.0005358464285714285,-0.04193227346938776,0.04139642704081633
558,-0.01550046530612245,-0.04226762908163265,0.0267671637755102
559,-0.015509366836734694,-0.041929378061224494,0.026420011224489802
560,-0.02415810918367347,-0.0422729,0.018114790816326533
561,-0.019493305612244896,-0.042383197959183674,0.02288989234693878
562,-0.01728331887755102,-0.04204271122448979,0.02475939234693877
563,-0.012442460204081632,-0.042418415306122455,0.029975955102040822
564,-0.015672717346938776,-0.042006632142857145,0.02633391479591837
565,-0.026849194897959183,-0.042772087244897956,0.015922892346938774
566,-0.022151776020408163,-0.03786542448979592,0.015713648469387758
567,-0.015026756632653062,-0.042452898469387754,0.02742614183673469
568,-0.01793097857142857,-0.04208695969387755,0.02415598112244898
569,-0.016145774489795917,-0.04199197142857143,0.025846196938775514
570,-0.009703995408163265,-0.043198238265306124,0.03349424285714286
571,-0.0155742556122449,-0.04251245255102041,0.02693819693877551
572,-0.015533700510204083,-0.04230872091836735,0.026775020408163264
573,-0.01618806020408163,-0.0423552387755102,0.02616717857142857
574,-0.015017881632653062,-0.04202904234693877,0.02701116071428571
575,-0.01731991224489796,-0.04068024081632653,0.023360328571428567
576,-0.017343961224489796,-0.041990064285714286,0.02464610306122449
577,-0.015990486224489796,-0.04082008214285714,0.024829595918367347
578,-0.015561809693877552,-0.04243782397959184,0.026876014285714286
579,-0.025908389285714286,-0.04237812602040816,0.016469736734693877
580,-0.015375897959183675,-0.042435795408163265,0.02705989744897959
581,-0.015593478571428572,-0.047821072448979596,0.032227593877551024
582,-0.025234425,-0.042039574489795915,0.016805149489795914
583,-0.018025086224489794,-0.04233693622448979,0.02431185
584,-0.01684960051020408,-0.042418897959183674,0.025569297448979594
585,-0.015603889795918367,-0.03709863367346939,0.02149474387755102
586,-0.015610955102040818,-0.042554520408163266,0.02694356530612245
587,-0.01558642142857143,-0.04255521326530612,0.026968791836734687
588,-0.015651610204081633,-0.0423493193877551,0.02669770918367347
589,-0.01565477142857143,-0.042576537755102034,0.026921766326530604
590,-0.014788812755102042,-0.043573772959183674,0.028784960204081632
591,-0.016359038265306124,-0.04263489795918367,0.026275859693877544
592,-0.015657736224489797,-0.04228016785714286,0.02662243163265306
593,-0.019720364285714286,-0.04226548418367347,0.022545119897959185
594,-0.015598184693877552,-0.042655985204081634,0.02705780051020408
595,-0.015697871428571427,-0.04234667653061225,0.02664880510204082
596,-0.015645295408163264,-0.04234284030612245,0.02669754489795919
597,-0.021176469387755102,-0.047206869897959185,0.026030400510204083
598,-0.015764093367346937,-0.04258438673469388,0.02682029336734694
599,-0.015563934183673469,-0.042491697448979585,0.026927763265306118
600,-0.01571511530612245,-0.0427230443877551,0.027007929081632652
601,-0.005850455102040817,-0.041603660714285715,0.0357532056122449
602,-0.015039983673469388,-0.04213310408163266,0.02709312040816327
603,-0.016990089285714285,-0.042266287244897956,0.02527619795918367
604,-0.015233333163265306,-0.042312575,0.027079241836734692
605,-0.015362245918367348,-0.04229428265306122,0.02693203673469387
606,-0.015344329591836734,-0.04242226887755102,0.02707793928571428
607,-0.015454867346938775,-0.0424740112244898,0.027019143877551027
608,-0.015475529591836736,-0.0425078775510204,0.027032347959183668
609,-0.016015308163265306,-0.04250107091836734,0.026485762755102036
610,-0.019274573469387754,-0.042534340306122444,0.02325976683673469
611,-0.015541666836734695,-0.04227898469387755,0.026737317857142857
612,-0.023645230102040816,-0.048011597448979586,0.02436636734693877
613,-0.015573880102040815,-0.042585590306122446,0.02701171020408163
614,-0.019331045918367346,-0.04265933877551021,0.023328292857142864
615,-0.017903963265306123,-0.04267913418367347,0.02477517091836735
616,-0.01570095663265306,-0.042324295408163265,0.026623338775510205
617,-0.015737766836734696,-0.04273286530612245,0.026995098469387753
618,-0.015560005612244899,-0.04280199846938775,0.027241992857142853
619,-0.019060595918367347,-0.04270872346938775,0.0236481275510204
620,-0.01605985102040816,-0.04245274642857143,0.026392895408163267
621,-0.009770217346938776,-0.04245822653061224,0.03268800918367347
622,-0.01572389948979592,-0.04277051377551021,0.02704661428571429
623,-0.015534281122448979,-0.04244552755102041,0.026911246428571428
624,-0.01571644948979592,-0.04274180918367347,0.02702535969387755
625,-0.015731813775510202,-0.042878483673469386,0.027146669897959184
626,-0.015791158673469387,-0.04283374234693878,0.02704258367346939
627,-0.014427906632653061,-0.04286288622448979,0.02843497959183673
628,-0.016153679591836733,-0.04285635459183674,0.026702675000000006
629,-0.015690072959183673,-0.04284569948979592,0.027155626530612247
630,-0.020123811224489797,-0.04287371887755102,0.022749907653061226
631,-0.015740216326530613,-0.0428746056122449,0.027134389285714284
632,-0.015777409183673468,-0.04297804234693878,0.02720063316326531
633,-0.016715972959183673,-0.04285343418367347,0.026137461224489796
634,-0.017743715306122447,-0.04285266326530612,0.025108947959183676
635,-0.015852457653061224,-0.042671721938775505,0.02681926428571428
636,-0.015738926530612245,-0.04297617602040816,0.027237249489795914
637,-0.015684899999999998,-0.04295753316326531,0.027272633163265312
638,-0.01569239693877551,-0.042604943367346944,0.026912546428571434
639,-0.01567839591836735,-0.04280365765306122,0.02712526173469387
640,-0.015600277040816327,-0.0428821387755102,0.027281861734693873
641,-0.015725481122448978,-0.04295979132653061,0.027234310204081635
642,-0.01327169387755102,-0.04296763469387755,0.02969594081632653
643,-0.01570802448979592,-0.04273225051020408,0.02702422602040816
644,-0.015579343367346938,-0.04277841275510204,0.027199069387755098
645,-0.015635907653061224,-0.04278063112244898,0.027144723469387757
646,-0.015614657142857143,-0.03930893571428572,0.023694278571428574
647,-0.016752030612244898,-0.04265789642857142,0.025905865816326524
648,-0.012453345918367349,-0.042989537755102045,0.030536191836734696
649,-0.010703695408163266,-0.04825652653061225,0.03755283112244898
650,-0.012492969897959184,-0.04855723724489796,0.03606426734693877
651,-0.013502895918367347,-0.050374721428571426,0.03687182551020408
652,-0.017231156632653063,-0.04224924642857143,0.02501808979591837
653,-0.01710878520408163,-0.04234265816326531,0.025233872959183678
654,-0.02275522908163265,-0.04475325510204081,0.02199802602040816
655,-0.017102273979591836,-0.0391633556122449,0.02206108163265306
656,-0.020380542346938774,-0.043159335204081634,0.02277879285714286
657,-0.015644197959183672,-0.048296004081632656,0.03265180612244899
658,-0.020403021938775513,-0.04242157806122449,0.02201855612244898
659,-0.020273373469387755,-0.04251349030612245,0.022240116836734693
660,-0.014655304081632655,-0.04434470459183673,0.029689400510204078
661,-0.017339233163265307,-0.036600853061224486,0.01926161989795918
662,-0.021038423979591835,-0.04150974642857143,0.020471322448979593
663,-0.020350172448979593,-0.04257158418367347,0.022221411734693875
664,-0.01955624336734694,-0.04334327346938775,0.023787030102040814
665,-0.01413105306122449,-0.04223681989795919,0.0281057668367347
666,-0.011164194897959183,-0.04334361326530613,0.032179418367346946
667,-0.016776516836734694,-0.04319852040816326,0.026422003571428564
668,-0.021680554081632653,-0.0427526056122449,0.021072051530612246
669,-0.024410845408163264,-0.04290764489795919,0.018496799489795924
670,-0.01430180306122449,-0.04559295765306123,0.031291154591836734
671,-0.016234525,-0.04324104540816326,0.02700652040816326
672,-0.01756194030612245,-0.04683324744897959,0.029271307142857143
673,-0.015405881632653062,-0.04309945,0.027693568367346936
674,-0.0028993479591836735,-0.044974407142857144,0.04207505918367347
675,-0.015122190816326531,-0.042911897448979594,0.027789706632653063
676,-0.017548924489795916,-0.04289542602040816,0.025346501530612246
677,-0.019571572959183672,-0.04342400051020408,0.023852427551020405
678,-0.013886680102040817,-0.04590533265306122,0.032018652551020405
679,-0.025653658163265307,-0.0430635418367347,0.017409883673469392
680,-0.01245933775510204,-0.041402605102040815,0.028943267346938775
681,-0.014926818877551021,-0.04313570102040816,0.02820888214285714
682,-0.012153132142857142,-0.043123780102040814,0.030970647959183674
683,-0.011484480102040815,-0.04274978112244898,0.03126530102040817
684,-0.017878170408163266,-0.04318816224489796,0.025309991836734692
685,-0.017760039795918368,-0.04317534744897959,0.025415307653061225
686,-0.017138394387755104,-0.04206598469387755,0.02492759030612245
687,-0.011839897448979592,-0.03568455102040816,0.02384465357142857
688,-0.017596498979591837,-0.04288382857142857,0.025287329591836733
689,-0.015828176020408164,-0.04342835663265306,0.0276001806122449
690,-0.015781777040816326,-0.04356652193877551,0.027784744897959186
691,-0.015787072448979592,-0.043517288265306125,0.027730215816326533
692,-0.015903435714285714,-0.043591008163265305,0.02768757244897959
693,-0.015794100510204082,-0.043596613265306124,0.02780251275510204
694,-0.015109411734693877,-0.043173866836734694,0.028064455102040815
695,-0.01584896836734694,-0.04367415663265307,0.02782518826530613
696,-0.01594127857142857,-0.043649629591836735,0.027708351020408164
697,-0.015910538775510203,-0.043672354081632656,0.027761815306122452
698,-0.01565838163265306,-0.043763695918367346,0.028105314285714285
699,-0.01593151785714286,-0.043764870918367345,0.027833353061224485
700,-0.018775998469387756,-0.04375296989795918,0.024976971428571425
701,-0.0060850377551020405,-0.042818808163265304,0.036733770408163266
702,-0.015076955612244897,-0.04263077448979592,0.027553818877551026
703,-0.019055635714285715,-0.04250199081632653,0.023446355102040815
704,-0.015301432653061225,-0.043250445408163266,0.02794901275510204
705,-0.019729355612244898,-0.04276169846938775,0.023032342857142854
706,-0.015455702040816328,-0.043325919387755096,0.02787021734693877
707,-0.01783142142857143,-0.04338312806122449,0.025551706632653062
708,-0.015450363265306123,-0.043468848979591836,0.028018485714285713
709,-0.015652541836734694,-0.04352597857142857,0.027873436734693877
710,-0.01563741275510204,-0.04357557755102041,0.027938164795918367
711,-0.0364741112244898,-0.04359573724489796,0.00712162602040816
712,-0.015613794897959185,-0.043555051020408166,0.02794125612244898
713,-0.015355842346938774,-0.043664876020408167,0.028309033673469392
714,-0.016113500000000003,-0.043654556632653066,0.027541056632653063
715,-0.016816216836734694,-0.04366143520408163,0.026845218367346938
716,-0.015286222448979592,-0.043224446938775515,0.027938224489795924
717,-0.015802304081632655,-0.0431995081632653,0.027397204081632646
718,-0.015171016836734694,-0.04314528979591836,0.027974272959183668
719,-0.015785082653061226,-0.04334054897959183,0.027555466326530605
720,-0.015868495918367347,-0.04385509489795918,0.027986598979591836
721,-0.015280650510204082,-0.043885570918367346,0.028604920408163266
722,-0.015803749489795918,-0.04330285,0.02749910051020408
723,-0.015817035714285714,-0.04384952704081632,0.028032491326530608
724,-0.015806592857142858,-0.043883930102040815,0.028077337244897957
725,-0.020070095408163263,-0.043883152551020405,0.02381305714285714
726,-0.015222772448979592,-0.0434525556122449,0.028229783163265305
727,-0.015807153571428572,-0.043891845918367346,0.028084692346938774
728,-0.015783225510204082,-0.04388785357142857,0.028104628061224487
729,-0.01516974030612245,-0.04396887040816326,0.028799130102040812
730,-0.015770700510204082,-0.04395827193877551,0.028187571428571426
731,-0.037003993367346937,-0.04361816173469387,0.006614168367346934
732,-0.015946575,-0.04394157346938775,0.027994998469387748
733,-0.01583052857142857,-0.04394906683673469,0.02811853826530612
734,-0.015788239285714285,-0.04400767091836735,0.02821943163265307
735,-0.016696485204081634,-0.04408065663265306,0.027384171428571424
736,-0.01763375102040816,-0.04403767346938776,0.026403922448979596
737,-0.015850935204081634,-0.04406558163265307,0.028214646428571435
738,-0.016000468367346938,-0.04368197755102041,0.02768150918367347
739,-0.032399697959183675,-0.04378897040816327,0.011389272448979595
740,-0.015910580612244898,-0.0441470112244898,0.028236430612244904
741,-0.016118805612244897,-0.04417582602040816,0.028057020408163266
742,-0.015791194897959184,-0.044242530612244896,0.02845133571428571
743,-0.016024961734693876,-0.04356311785714286,0.027538156122448986
744,-0.015933685204081633,-0.04416757959183674,0.028233894387755105
745,-0.015979902551020407,-0.044144555102040815,0.028164652551020408
746,-0.015948553571428572,-0.04424869897959184,0.02830014540816327
747,-0.019848055612244897,-0.04430985918367347,0.024461803571428575
748,-0.0159106137755102,-0.04428212397959184,0.028371510204081636
749,-0.019857658163265308,-0.04555153520408164,0.02569387704081633
750,-0.031224855612244896,-0.04434518265306122,0.013120327040816324
751,-0.018737019387755103,-0.044421835714285714,0.02568481632653061
752,-0.01789589948979592,-0.04325489540816326,0.025358995918367343
753,-0.011006026020408163,-0.04394845051020408,0.03294242448979592
754,-0.015547073979591838,-0.043920766836734695,0.028373692857142856
755,-0.01653129948979592,-0.043989824489795916,0.027458524999999998
756,-0.016074404081632652,-0.044474460714285714,0.028400056632653062
757,-0.019495157142857142,-0.043828958163265305,0.024333801020408163
758,-0.01601841224489796,-0.04363413928571429,0.02761572704081633
759,-0.021797614285714285,-0.044348426020408165,0.02255081173469388
760,-0.015900086224489796,-0.04380970816326531,0.02790962193877551
761,-0.014693307142857144,-0.04444643724489796,0.029753130102040816
762,-0.01597004948979592,-0.04394065663265306,0.027970607142857144
763,-0.016220592346938775,-0.044531877551020414,0.02831128520408164
764,-0.01609887857142857,-0.04421308979591836,0.02811421122448979
765,-0.024866941836734695,-0.04401151785714286,0.01914457602040816
766,-0.01563786887755102,-0.044583396938775506,0.028945528061224485
767,-0.016019679081632654,-0.04456611479591837,0.028546435714285716
768,-0.02030585,-0.0445934,0.024287549999999998
769,-0.01573412142857143,-0.04427873826530613,0.0285446168367347
770,-0.01617254336734694,-0.044226916836734693,0.028054373469387755
771,-0.027786422959183675,-0.04681493775510204,0.019028514795918362
772,-0.016197478571428572,-0.04465486581632653,0.028457387244897957
773,-0.016167208163265306,-0.04478185,0.02861464183673469
774,-0.016220517857142857,-0.044302300510204076,0.02808178265306122
775,-0.02727225,-0.049009972448979595,0.021737722448979594
776,-0.019016664285714285,-0.04483447193877551,0.025817807653061225
777,-0.016441898469387754,-0.044410174999999996,0.027968276530612242
778,-0.01630323112244898,-0.04492539387755102,0.02862216275510204
779,-0.005572422448979591,-0.04433444489795919,0.0387620224489796
780,-0.016308439285714287,-0.04489622346938775,0.028587784183673463
781,-0.0151606056122449,-0.05884966785714286,0.04368906224489796
782,-0.016218188265306122,-0.04747607193877551,0.03125788367346939
783,-0.016162651530612245,-0.04485585765306122,0.028693206122448977
784,-0.011220029081632651,-0.04487133571428571,0.03365130663265306
785,-0.018744620408163267,-0.04491570408163265,0.026171083673469386
786,-0.02101598775510204,-0.04499745459183673,0.023981466836734692
787,-0.011510435204081633,-0.04496757142857143,0.0334571362244898
788,-0.016843596428571427,-0.04507271275510204,0.02822911632653061
789,-0.019060216326530613,-0.044592846938775514,0.0255326306122449
790,-0.016341454081632654,-0.045079331632653055,0.0287378775510204
791,-0.01636100612244898,-0.04513547091836735,0.028774464795918372
792,-0.016392401530612246,-0.044555986224489794,0.028163584693877548
793,-0.01637259030612245,-0.044682158163265304,0.028309567857142854
794,-0.01632608469387755,-0.04802544132653061,0.03169935663265306
795,-0.01630785969387755,-0.04519379285714285,0.028885933163265303
796,-0.01632739693877551,-0.04516256479591837,0.02883516785714286
797,-0.014760345408163265,-0.04472214132653061,0.029961795918367343
798,-0.01637770612244898,-0.04509883928571428,0.0287211331632653
799,-0.012333307142857143,-0.044622025,0.03228871785714286
800,-0.013188164285714284,-0.04459743571428571,0.03140927142857143
801,-0.006052736224489795,-0.04303827602040816,0.036985539795918364
802,-0.015008908163265307,-0.044464192346938776,0.02945528418367347
803,-0.015750008163265307,-0.04464980051020408,0.02889979234693877
804,-0.02202225255102041,-0.04470535,0.02268309744897959
805,-0.016253652040816326,-0.0458474418367347,0.02959378979591837
806,-0.016096659693877552,-0.04484877397959183,0.02875211428571428
807,-0.019980339795918366,-0.04431935153061224,0.024339011734693876
808,-0.016233576020408164,-0.05202140867346939,0.03578783265306122
809,-0.01870005663265306,-0.04448417806122449,0.02578412142857143
810,-0.016100645408163264,-0.04508859489795918,0.028987949489795918
811,-0.015096080612244898,-0.04511108367346938,0.030015003061224482
812,-0.02282770969387755,-0.041542775,0.018715065306122446
813,-0.011301674999999999,-0.04526294744897959,0.03396127244897959
814,-0.016142713265306124,-0.045379881122448985,0.02923716785714286
815,-0.016229313775510203,-0.044699661224489796,0.028470347448979593
816,-0.01619255051020408,-0.04479592091836735,0.02860337040816327
817,-0.015469614795918367,-0.04477492091836735,0.029305306122448985
818,-0.01634299744897959,-0.04540324183673469,0.0290602443877551
819,-0.024721864285714285,-0.04542041938775511,0.020698555102040824
820,-0.018856223469387756,-0.045463256632653055,0.0266070331632653
821,-0.016309208163265306,-0.045493296428571424,0.029184088265306118
822,-0.006744155612244898,-0.04940334234693878,0.042659186734693884
823,-0.022163479591836736,-0.04500663979591837,0.02284316020408163
824,-0.0074014413265306115,-0.04560999948979592,0.03820855816326531
825,-0.016454021938775508,-0.045592069897959185,0.029138047959183677
826,-0.016646369897959184,-0.04554487295918368,0.028898503061224493
827,-0.016460570918367348,-0.0453728443877551,0.028912273469387753
828,-0.0170287306122449,-0.04571109234693878,0.02868236173469388
829,-0.016784592346938774,-0.04521741581632653,0.028432823469387757
830,-0.017557911734693878,-0.04563223571428571,0.02807432397959183
831,-0.01573570918367347,-0.04557001938775511,0.02983431020408164
832,-0.022039358163265303,-0.045246214795918366,0.023206856632653063
833,-0.016422629591836737,-0.047198447959183674,0.030775818367346938
834,-0.01645285612244898,-0.05399271326530612,0.03753985714285714
835,-0.010673681122448979,-0.045162485714285716,0.03448880459183674
836,-0.017879105102040816,-0.04575509897959184,0.027875993877551023
837,-0.01636458112244898,-0.045808772448979594,0.029444191326530613
838,-0.016484938265306122,-0.04537866989795918,0.02889373163265306
839,-0.01442948724489796,-0.045372467346938776,0.030942980102040815
840,-0.026844064795918367,-0.045798704591836735,0.018954639795918368
841,-0.01643385969387755,-0.045323131632653064,0.028889271938775513
842,-0.016618852040816326,-0.04586680102040817,0.02924794897959184
843,-0.016465395918367348,-0.04585363367346939,0.02938823775510204
844,-0.015359521428571428,-0.04526852193877551,0.02990900051020408
845,-0.01666041836734694,-0.04595292704081633,0.029292508673469386
846,-0.01763389387755102,-0.04606028928571428,0.028426395408163264
847,-0.014814688265306122,-0.04604231530612245,0.031227627040816323
848,-0.022785732142857142,-0.04445162704081633,0.021665894897959188
849,-0.01654564693877551,-0.04540561122448979,0.028859964285714284
850,-0.0316655612244898,-0.04610271122448979,0.014437149999999996
851,-0.016640327040816326,-0.04550380306122449,0.028863476020408167
852,-0.017308458673469387,-0.04612431887755102,0.028815860204081636
853,-0.016217160714285715,-0.04595995204081633,0.029742791326530613
854,-0.01888017244897959,-0.046053527040816326,0.027173354591836736
855,-0.016538023469387753,-0.04557516581632653,0.029037142346938775
856,-0.01655141887755102,-0.04690175102040817,0.030350332142857147
857,-0.016562776530612246,-0.04619371071428571,0.029630934183673466
858,-0.016654608163265305,-0.045617820408163264,0.028963212244897958
859,-0.01603340918367347,-0.04614716785714285,0.030113758673469382
860,-0.016554204081632655,-0.04571346581632653,0.029159261734693874
861,-0.02352673826530612,-0.046276082653061226,0.022749344387755107
862,-0.016546126530612246,-0.046321580102040814,0.029775453571428568
863,-0.01668291581632653,-0.04577080714285714,0.02908789132653061
864,-0.016609930612244896,-0.04572534489795919,0.02911541428571429
865,-0.016717142346938774,-0.04641763826530612,0.029700495918367348
866,-0.022495025510204082,-0.04580895714285714,0.023313931632653058
867,-0.01672320357142857,-0.04641485306122448,0.029691649489795913
868,-0.01669016785714286,-0.046586520918367354,0.029896353061224495
869,-0.016792688775510205,-0.04652853163265306,0.029735842857142855
870,-0.01676044948979592,-0.04755983418367347,0.030799384693877548
871,-0.016776576530612246,-0.0464923556122449,0.029715779081632653
872,-0.021277009183673472,-0.04667235255102041,0.02539534336734694
873,-0.016719349489795917,-0.04666572806122449,0.02994637857142857
874,-0.01673577908163265,-0.0466654943877551,0.02992971530612245
875,-0.019714983163265306,-0.04670798112244898,0.02699299795918367
876,-0.016806181632653062,-0.04670449030612245,0.029898308673469386
877,-0.01678320969387755,-0.04615606785714285,0.029372858163265302
878,-0.01677368418367347,-0.04671505663265307,0.029941372448979597
879,-0.016787601530612244,-0.04683899285714285,0.03005139132653061
880,-0.017495986734693877,-0.04681091326530612,0.029314926530612243
881,-0.007038886734693877,-0.04682736173469387,0.039788475
882,-0.016806077040816325,-0.04626313214285714,0.029457055102040816
883,-0.01685440918367347,-0.04680572704081633,0.02995131785714286
884,-0.016831995918367346,-0.04629858724489796,0.029466591326530612
885,-0.016859335714285714,-0.046946576530612245,0.030087240816326532
886,-0.01686852448979592,-0.046512693877551026,0.029644169387755107
887,-0.016477883163265306,-0.04703154846938776,0.03055366530612245
888,-0.01686463367346939,-0.046742285204081635,0.029877651530612247
889,-0.016755304591836735,-0.04745196836734694,0.030696663775510207
890,-0.016768392857142857,-0.04682536632653061,0.03005697346938775
891,-0.016916659693877553,-0.04699222397959184,0.030075564285714285
892,-0.023364575,-0.041831525,0.018466950000000003
893,-0.01186107806122449,-0.046968331632653064,0.035107253571428576
894,-0.016055807142857145,-0.046511871428571425,0.03045606428571428
895,-0.016793871428571427,-0.04527060663265306,0.028476735204081633
896,-0.017539282653061223,-0.046991483163265305,0.02945220051020408
897,-0.01765521581632653,-0.04709656632653061,0.02944135051020408
898,-0.016861010714285713,-0.04711453163265306,0.03025352091836735
899,-0.017695630612244898,-0.04715728877551021,0.029461658163265313
900,-0.019343848979591835,-0.04722562244897959,0.027881773469387756
901,-0.006243044897959183,-0.044716534183673474,0.03847348928571429
902,-0.016141863265306124,-0.04647489948979592,0.030333036224489796
903,-0.01629477755102041,-0.04650406275510204,0.030209285204081632
904,-0.01642567755102041,-0.04658362806122449,0.030157950510204083
905,-0.014049479081632654,-0.04677347908163266,0.032724
906,-0.026904882142857144,-0.04613205204081633,0.019227169897959185
907,-0.016655494897959183,-0.04674107908163265,0.030085584183673467
908,-0.01657806836734694,-0.047752773469387756,0.031174705102040817
909,-0.016758858673469386,-0.04694343571428571,0.030184577040816327
910,-0.01654978418367347,-0.04645559795918368,0.029905813775510208
911,-0.016783060714285713,-0.04630511122448979,0.029522050510204078
912,-0.02726636224489796,-0.047062372448979595,0.019796010204081636
913,-0.016791711224489796,-0.047134586224489794,0.030342875
914,-0.016696289795918366,-0.047213919897959186,0.03051763010204082
915,-0.016836973469387756,-0.04718331275510204,0.030346339285714286
916,-0.016838364285714284,-0.046648614795918364,0.02981025051020408
917,-0.016826101020408164,-0.04730422040816327,0.030478119387755104
918,-0.016891522448979592,-0.04685334744897959,0.029961825
919,-0.01685528775510204,-0.047287867346938774,0.030432579591836734
920,-0.016883628571428572,-0.04737338520408163,0.030489756632653058
921,-0.017022423469387756,-0.04682097704081633,0.029798553571428573
922,-0.016851277040816327,-0.046966852040816326,0.030115575
923,-0.017013841836734694,-0.047404446938775505,0.03039060510204081
924,-0.01693056581632653,-0.04744272602040816,0.03051216020408163
925,-0.017789618367346938,-0.04751387448979592,0.02972425612244898
926,-0.01619732193877551,-0.04749280459183673,0.03129548265306122
927,-0.017050799999999998,-0.047478950510204086,0.03042815051020409
928,-0.016925858673469386,-0.04768384132653061,0.030757982653061226
929,-0.015931025,-0.047613368367346934,0.03168234336734693
930,-0.017081077040816326,-0.04712181887755102,0.030040741836734695
931,-0.02022866275510204,-0.04703360663265306,0.02680494387755102
932,-0.017002661734693877,-0.04545827602040817,0.02845561428571429
933,-0.018362018877551022,-0.04768856428571428,0.02932654540816326
934,-0.02051537448979592,-0.04767859540816327,0.027163220918367353
935,-0.0204992,-0.04712842908163265,0.026629229081632653
936,-0.03132594693877551,-0.047875912244897956,0.016549965306122447
937,-0.017107770918367345,-0.047238357142857144,0.0301305862244898
938,-0.01708831632653061,-0.050166975,0.03307865867346939
939,-0.01887066887755102,-0.04670881173469388,0.027838142857142856
940,-0.021460255102040818,-0.047759247448979594,0.026298992346938777
941,-0.01702503163265306,-0.04777353571428571,0.03074850408163265
942,-0.017030467346938777,-0.04775711275510204,0.030726645408163264
943,-0.017035454591836734,-0.0478894193877551,0.030853964795918367
944,-0.01707203418367347,-0.04783777142857143,0.03076573724489796
945,-0.01703079132653061,-0.04740405969387755,0.03037326836734694
946,-0.019529333673469387,-0.04802506632653061,0.028495732653061226
947,-0.021324294897959183,-0.0478920668367347,0.026567771938775516
948,-0.01562304030612245,-0.048066610204081636,0.032443569897959185
949,-0.018266182653061225,-0.05884625,0.04058006734693878
950,-0.012516426020408164,-0.04798411020408164,0.03546768418367347
951,-0.024868851530612246,-0.047496392857142855,0.02262754132653061
952,-0.018747037244897957,-0.04809546173469388,0.029348424489795924
953,-0.018833656632653063,-0.04811799897959183,0.02928434234693877
954,-0.018171695918367346,-0.04820002040816327,0.030028324489795925
955,-0.017208798469387755,-0.04828385867346938,0.031075060204081628
956,-0.01715830255102041,-0.048183243877551026,0.031024941326530615
957,-0.01716591836734694,-0.04822593928571428,0.03106002091836734
958,-0.017234158163265307,-0.04829116734693877,0.031057009183673465
959,-0.02117041275510204,-0.04834008010204082,0.02716966734693878
960,-0.017273451020408163,-0.04830101734693878,0.031027566326530615
961,-0.02008677806122449,-0.04784393673469387,0.02775715867346938
962,-0.017210733163265306,-0.04776495510204081,0.030554221938775505
963,-0.017231773979591837,-0.04848123928571429,0.03124946530612245
964,-0.017358048979591836,-0.0486367443877551,0.03127869540816326
965,-0.01699375663265306,-0.04851250867346939,0.03151875204081633
966,-0.01725229183673469,-0.04861197908163265,0.03135968724489796
967,-0.0174594943877551,-0.04807892244897959,0.03061942806122449
968,-0.017636616836734696,-0.04782847448979592,0.030191857653061226
969,-0.018401078571428572,-0.04792838673469388,0.029527308163265306
970,-0.015133013265306123,-0.048442233673469386,0.03330922040816326
971,-0.014932961224489795,-0.04850541632653061,0.033572455102040814
972,-0.017313751530612244,-0.04856222653061224,0.031248474999999998
973,-0.01734462448979592,-0.04786919846938775,0.030524573979591834
974,-0.017273548979591834,-0.04850091224489796,0.03122736326530613
975,-0.017383375,-0.046282473979591836,0.028899098979591836
976,-0.018582413265306123,-0.048548382653061224,0.0299659693877551
977,-0.016629321428571427,-0.0485971443877551,0.03196782295918367
978,-0.017309379081632652,-0.04772945561224489,0.03042007653061224
979,-0.02001516836734694,-0.048704459183673464,0.028689290816326523
980,-0.02035122602040816,-0.048832093877551025,0.028480867857142864
981,-0.017313418877551022,-0.048613981632653055,0.031300562755102034
982,-0.02036832806122449,-0.05140876122448979,0.031040433163265303
983,-0.021795803571428574,-0.04864901734693878,0.026853213775510205
984,-0.017455564285714285,-0.04829062091836735,0.03083505663265306
985,-0.020413805102040813,-0.048689021938775515,0.0282752168367347
986,-0.019855964285714286,-0.048743154081632656,0.02888718979591837
987,-0.017327089285714286,-0.04877254081632653,0.03144545153061225
988,-0.01745790918367347,-0.04820224642857143,0.030744337244897963
989,-0.017374486734693877,-0.04882382091836735,0.031449334183673475
990,-0.017327757142857142,-0.04866009336734693,0.03133233622448979
991,-0.017470973979591835,-0.048955764285714284,0.031484790306122445
992,-0.019396969387755102,-0.048315977040816326,0.028919007653061223
993,-0.017523026530612246,-0.049974571938775504,0.03245154540816326
994,-0.017340307142857142,-0.04896302959183673,0.03162272244897959
995,-0.01748521326530612,-0.04726063979591837,0.029775426530612253
996,-0.01757122244897959,-0.049022447959183674,0.03145122551020409
997,-0.01747700306122449,-0.04908090306122449,0.031603900000000004
998,-0.017477305102040815,-0.04904160663265306,0.03156430153061225
999,-0.01862912397959184,-0.04913714132653062,0.030508017346938778
1000,-0.018252366836734694,-0.04263175969387756,0.024379392857142863
